rank,code,symbol,name,latest_date,weekly_date,close,weekly_close,score,score_max,score_pct,condition_count,star_pass_count,pickup_flag,passed_conditions,failed_star_conditions,kabutan_url,weekly_ichimoku_status,daily_sma5,daily_sma25,daily_ma5_slope,weekly_sma13,weekly_sma26,weekly_sma52,weekly_ma13_slope,weekly_ma13_deviation_pct,daily_bb_position,daily_bb_upper1,daily_bb_lower1,weekly_bb_position,weekly_bb_upper1,weekly_bb_upper2,weekly_bb_width,weekly_bb_width_prev,weekly_bb_expanding,daily_rsi14,weekly_rsi14,daily_macd,daily_macd_signal,daily_macd_hist,weekly_macd,weekly_macd_signal,weekly_macd_hist,daily_cloud_upper,daily_cloud_lower,daily_cloud_margin_pct,weekly_cloud_upper,weekly_cloud_lower,weekly_cloud_margin_pct,updated_at_jst,c01_daily_price_gt_ma5,point_c01_daily_price_gt_ma5,cond_01,cond_01_label,cond_01_points,cond_01_max_points,cond_01_value,cond_01_comment,cond_01_is_star,c02_daily_ma5_slope_positive,point_c02_daily_ma5_slope_positive,cond_02,cond_02_label,cond_02_points,cond_02_max_points,cond_02_value,cond_02_comment,cond_02_is_star,c03_daily_ma5_gt_ma25,point_c03_daily_ma5_gt_ma25,cond_03,cond_03_label,cond_03_points,cond_03_max_points,cond_03_value,cond_03_comment,cond_03_is_star,c04_weekly_ma_13_26_52,point_c04_weekly_ma_13_26_52,cond_04,cond_04_label,cond_04_points,cond_04_max_points,cond_04_value,cond_04_comment,cond_04_is_star,c05_weekly_ma13_slope_positive,point_c05_weekly_ma13_slope_positive,cond_05,cond_05_label,cond_05_points,cond_05_max_points,cond_05_value,cond_05_comment,cond_05_is_star,c06_weekly_ma13_deviation_le_10pct,point_c06_weekly_ma13_deviation_le_10pct,cond_06,cond_06_label,cond_06_points,cond_06_max_points,cond_06_value,cond_06_comment,cond_06_is_star,c07_daily_bb_outside_1sigma,point_c07_daily_bb_outside_1sigma,cond_07,cond_07_label,cond_07_points,cond_07_max_points,cond_07_value,cond_07_comment,cond_07_is_star,c08_weekly_bb_ok,point_c08_weekly_bb_ok,cond_08,cond_08_label,cond_08_points,cond_08_max_points,cond_08_value,cond_08_comment,cond_08_is_star,c09_daily_macd_ok,point_c09_daily_macd_ok,cond_09,cond_09_label,cond_09_points,cond_09_max_points,cond_09_value,cond_09_comment,cond_09_is_star,c10_weekly_macd_gc,point_c10_weekly_macd_gc,cond_10,cond_10_label,cond_10_points,cond_10_max_points,cond_10_value,cond_10_comment,cond_10_is_star,c11_daily_rsi_ok,point_c11_daily_rsi_ok,cond_11,cond_11_label,cond_11_points,cond_11_max_points,cond_11_value,cond_11_comment,cond_11_is_star,c12_weekly_rsi_ok,point_c12_weekly_rsi_ok,cond_12,cond_12_label,cond_12_points,cond_12_max_points,cond_12_value,cond_12_comment,cond_12_is_star,c13_daily_ichimoku_above_cloud,point_c13_daily_ichimoku_above_cloud,cond_13,cond_13_label,cond_13_points,cond_13_max_points,cond_13_value,cond_13_comment,cond_13_is_star,c14_weekly_ichimoku_above_cloud,point_c14_weekly_ichimoku_above_cloud,cond_14,cond_14_label,cond_14_points,cond_14_max_points,cond_14_value,cond_14_comment,cond_14_is_star,next_earnings_date,next_earnings_company_name,next_earnings_fiscal_year,next_earnings_fiscal_quarter,business_days_to_next_earnings,earnings_tag,earnings_tag_reason,jquants_code
1,7089,7089.T,フォースタートアップス,2026-05-08,2026-05-08,1359.0,1359.0,34,34,100.0,14,5,True,① 日足5MA＜株価 / ② 日足5MAの傾きが正 / ③ 日足5MA＞25MA / ④★ 週足13MA＞26MA＞52MA / ⑤★ 週足13MAの傾きが正 / ⑥ 13MAの＋乖離率10％以下 / ⑦ 日足BB +1σ以上 or -1σ以下 / ⑧★ 週足BB条件 / ⑨ 日足MACD GC後 or 乖離 / ⑩★ 週足MACD GC後 / ⑪ 日足RSI 10以下 or 60以上 / ⑫ 週足RSI 10以下 or 60以上 / ⑬ 日足一目均衡表の雲より株価が上 / ⑭★ 週足一目均衡表の雲より株価が上,,https://kabutan.jp/stock/?code=7089,雲上,1252.0,1216.08,31.8,1249.92,1115.06,989.32,16.85,8.73,+2σ以上,1268.95,1184.65,+1σ〜+2σ,1299.26,1444.48,0.5033,0.4942,True,66.68,67.53,14.0896,2.4278,11.6618,83.0557,82.9379,0.1177,1260.75,1148.0,7.79,931.38,759.25,45.91,2026-05-10 13:46:22+0900,True,1,○,① 日足5MA＜株価,1,1,"終値 1,359.00 / 5MA 1,252.00",株価が短期平均線を上回る,False,True,1,○,② 日足5MAの傾きが正,1,1,5MA傾き 31.80,短期線が上向き,False,True,1,○,③ 日足5MA＞25MA,1,1,"5MA 1,252.00 / 25MA 1,216.08",短期線が中期線を上回る,False,True,5,○,④★ 週足13MA＞26MA＞52MA,5,5,"13MA 1,249.92 / 26MA 1,115.06 / 52MA 989.32",週足の上昇配列,True,True,5,○,⑤★ 週足13MAの傾きが正,5,5,週13MA傾き 16.85,週足13MAが上向き,True,True,1,○,⑥ 13MAの＋乖離率10％以下,1,1,13MA乖離 +8.73%,過熱が10%以内,False,True,1,○,⑦ 日足BB +1σ以上 or -1σ以下,1,1,日足BB位置 +2σ以上,±1σ外側で動意あり,False,True,5,○,⑧★ 週足BB条件,5,5,週足BB位置 +1σ〜+2σ / BW 拡大,週足BB条件内,True,True,1,○,⑨ 日足MACD GC後 or 乖離,1,1,MACD 14.0896 / Signal 2.4278 / Hist 11.6618,日足MACDは改善傾向,False,True,5,○,⑩★ 週足MACD GC後,5,5,週MACD 83.0557 / Signal 82.9379,週足MACDがGC後,True,True,1,○,⑪ 日足RSI 10以下 or 60以上,1,1,日足RSI 66.68,RSI条件内,False,True,1,○,⑫ 週足RSI 10以下 or 60以上,1,1,週足RSI 67.53,週足RSI条件内,False,True,1,○,⑬ 日足一目均衡表の雲より株価が上,1,1,"日足雲上限 1,260.75 / 乖離 +7.79%",日足で雲上,False,True,5,○,⑭★ 週足一目均衡表の雲より株価が上,5,5,週足雲上限 931.38 / 乖離 +45.91%,週足で雲上,True,,,,,,決算予定未取得,JQUANTS_API_KEY未設定のため決算予定日を取得していません,70890
2,332A,332A.T,ミーク,2026-05-08,2026-05-08,1555.0,1555.0,32,34,94.1,12,5,True,① 日足5MA＜株価 / ② 日足5MAの傾きが正 / ③ 日足5MA＞25MA / ④★ 週足13MA＞26MA＞52MA / ⑤★ 週足13MAの傾きが正 / ⑧★ 週足BB条件 / ⑨ 日足MACD GC後 or 乖離 / ⑩★ 週足MACD GC後 / ⑪ 日足RSI 10以下 or 60以上 / ⑫ 週足RSI 10以下 or 60以上 / ⑬ 日足一目均衡表の雲より株価が上 / ⑭★ 週足一目均衡表の雲より株価が上,,https://kabutan.jp/stock/?code=332A,雲上,1482.8,1377.68,9.0,1275.31,1181.42,1006.33,30.38,21.93,中心線〜+1σ,1558.39,1316.71,+1σ〜+2σ,1412.88,1565.2,0.4834,0.4811,True,64.25,69.32,80.7612,86.1875,-5.4263,129.8974,100.8974,29.0001,1216.5,1136.75,27.83,861.0,861.0,80.6,2026-05-10 13:46:19+0900,True,1,○,① 日足5MA＜株価,1,1,"終値 1,555.00 / 5MA 1,482.80",株価が短期平均線を上回る,False,True,1,○,② 日足5MAの傾きが正,1,1,5MA傾き 9.00,短期線が上向き,False,True,1,○,③ 日足5MA＞25MA,1,1,"5MA 1,482.80 / 25MA 1,377.68",短期線が中期線を上回る,False,True,5,○,④★ 週足13MA＞26MA＞52MA,5,5,"13MA 1,275.31 / 26MA 1,181.42 / 52MA 1,006.33",週足の上昇配列,True,True,5,○,⑤★ 週足13MAの傾きが正,5,5,週13MA傾き 30.38,週足13MAが上向き,True,False,0,×,⑥ 13MAの＋乖離率10％以下,0,1,13MA乖離 +21.93%,13MAからの上方乖離が大きい可能性,False,False,0,×,⑦ 日足BB +1σ以上 or -1σ以下,0,1,日足BB位置 中心線〜+1σ,±1σ内で動意は限定的,False,True,5,○,⑧★ 週足BB条件,5,5,週足BB位置 +1σ〜+2σ / BW 拡大,週足BB条件内,True,True,1,○,⑨ 日足MACD GC後 or 乖離,1,1,MACD 80.7612 / Signal 86.1875 / Hist -5.4263,日足MACDは改善傾向,False,True,5,○,⑩★ 週足MACD GC後,5,5,週MACD 129.8974 / Signal 100.8974,週足MACDがGC後,True,True,1,○,⑪ 日足RSI 10以下 or 60以上,1,1,日足RSI 64.25,RSI条件内,False,True,1,○,⑫ 週足RSI 10以下 or 60以上,1,1,週足RSI 69.32,週足RSI条件内,False,True,1,○,⑬ 日足一目均衡表の雲より株価が上,1,1,"日足雲上限 1,216.50 / 乖離 +27.83%",日足で雲上,False,True,5,○,⑭★ 週足一目均衡表の雲より株価が上,5,5,週足雲上限 861.00 / 乖離 +80.60%,週足で雲上,True,,,,,,決算予定未取得,JQUANTS_API_KEY未設定のため決算予定日を取得していません,332A0
3,9270,9270.T,バリュエンスホールディングス,2026-05-08,2026-05-08,2435.0,2435.0,31,34,91.2,11,5,True,① 日足5MA＜株価 / ② 日足5MAの傾きが正 / ③ 日足5MA＞25MA / ④★ 週足13MA＞26MA＞52MA / ⑤★ 週足13MAの傾きが正 / ⑧★ 週足BB条件 / ⑨ 日足MACD GC後 or 乖離 / ⑩★ 週足MACD GC後 / ⑫ 週足RSI 10以下 or 60以上 / ⑬ 日足一目均衡表の雲より株価が上 / ⑭★ 週足一目均衡表の雲より株価が上,,https://kabutan.jp/stock/?code=9270,雲上,2391.0,2314.0,18.2,2018.38,1647.23,1286.5,52.38,20.64,中心線〜+1σ,2616.74,2214.76,+1σ〜+2σ,2238.46,2618.96,0.8192,0.9001,False,58.8,70.51,100.7446,134.9564,-34.2118,320.7242,272.6749,48.0494,1780.25,1595.5,36.78,965.69,871.63,152.15,2026-05-10 13:46:24+0900,True,1,○,① 日足5MA＜株価,1,1,"終値 2,435.00 / 5MA 2,391.00",株価が短期平均線を上回る,False,True,1,○,② 日足5MAの傾きが正,1,1,5MA傾き 18.20,短期線が上向き,False,True,1,○,③ 日足5MA＞25MA,1,1,"5MA 2,391.00 / 25MA 2,314.00",短期線が中期線を上回る,False,True,5,○,④★ 週足13MA＞26MA＞52MA,5,5,"13MA 2,018.38 / 26MA 1,647.23 / 52MA 1,286.50",週足の上昇配列,True,True,5,○,⑤★ 週足13MAの傾きが正,5,5,週13MA傾き 52.38,週足13MAが上向き,True,False,0,×,⑥ 13MAの＋乖離率10％以下,0,1,13MA乖離 +20.64%,13MAからの上方乖離が大きい可能性,False,False,0,×,⑦ 日足BB +1σ以上 or -1σ以下,0,1,日足BB位置 中心線〜+1σ,±1σ内で動意は限定的,False,True,5,○,⑧★ 週足BB条件,5,5,週足BB位置 +1σ〜+2σ / BW 非拡大,週足BB条件内,True,True,1,○,⑨ 日足MACD GC後 or 乖離,1,1,MACD 100.7446 / Signal 134.9564 / Hist -34.2118,日足MACDは改善傾向,False,True,5,○,⑩★ 週足MACD GC後,5,5,週MACD 320.7242 / Signal 272.6749,週足MACDがGC後,True,False,0,×,⑪ 日足RSI 10以下 or 60以上,0,1,日足RSI 58.80,RSIが中立圏,False,True,1,○,⑫ 週足RSI 10以下 or 60以上,1,1,週足RSI 70.51,週足RSI条件内,False,True,1,○,⑬ 日足一目均衡表の雲より株価が上,1,1,"日足雲上限 1,780.25 / 乖離 +36.78%",日足で雲上,False,True,5,○,⑭★ 週足一目均衡表の雲より株価が上,5,5,週足雲上限 965.69 / 乖離 +152.15%,週足で雲上,True,,,,,,決算予定未取得,JQUANTS_API_KEY未設定のため決算予定日を取得していません,92700
4,3939,3939.T,カナミックネットワーク,2026-05-08,2026-05-08,553.0,553.0,31,34,91.2,11,5,True,① 日足5MA＜株価 / ② 日足5MAの傾きが正 / ③ 日足5MA＞25MA / ④★ 週足13MA＞26MA＞52MA / ⑤★ 週足13MAの傾きが正 / ⑥ 13MAの＋乖離率10％以下 / ⑧★ 週足BB条件 / ⑨ 日足MACD GC後 or 乖離 / ⑩★ 週足MACD GC後 / ⑬ 日足一目均衡表の雲より株価が上 / ⑭★ 週足一目均衡表の雲より株価が上,,https://kabutan.jp/stock/?code=3939,雲上,548.0,540.44,1.6,531.54,531.35,489.62,0.23,4.04,中心線〜+1σ,561.24,531.66,+1σ〜+2σ,548.63,569.06,0.1547,0.1511,True,56.02,56.22,6.3078,7.4194,-1.1117,12.5398,11.8825,0.6573,520.5,511.0,6.24,472.12,438.16,17.13,2026-05-10 13:46:22+0900,True,1,○,① 日足5MA＜株価,1,1,終値 553.00 / 5MA 548.00,株価が短期平均線を上回る,False,True,1,○,② 日足5MAの傾きが正,1,1,5MA傾き 1.60,短期線が上向き,False,True,1,○,③ 日足5MA＞25MA,1,1,5MA 548.00 / 25MA 540.44,短期線が中期線を上回る,False,True,5,○,④★ 週足13MA＞26MA＞52MA,5,5,13MA 531.54 / 26MA 531.35 / 52MA 489.62,週足の上昇配列,True,True,5,○,⑤★ 週足13MAの傾きが正,5,5,週13MA傾き 0.23,週足13MAが上向き,True,True,1,○,⑥ 13MAの＋乖離率10％以下,1,1,13MA乖離 +4.04%,過熱が10%以内,False,False,0,×,⑦ 日足BB +1σ以上 or -1σ以下,0,1,日足BB位置 中心線〜+1σ,±1σ内で動意は限定的,False,True,5,○,⑧★ 週足BB条件,5,5,週足BB位置 +1σ〜+2σ / BW 拡大,週足BB条件内,True,True,1,○,⑨ 日足MACD GC後 or 乖離,1,1,MACD 6.3078 / Signal 7.4194 / Hist -1.1117,日足MACDは改善傾向,False,True,5,○,⑩★ 週足MACD GC後,5,5,週MACD 12.5398 / Signal 11.8825,週足MACDがGC後,True,False,0,×,⑪ 日足RSI 10以下 or 60以上,0,1,日足RSI 56.02,RSIが中立圏,False,False,0,×,⑫ 週足RSI 10以下 or 60以上,0,1,週足RSI 56.22,週足RSIが中立圏,False,True,1,○,⑬ 日足一目均衡表の雲より株価が上,1,1,日足雲上限 520.50 / 乖離 +6.24%,日足で雲上,False,True,5,○,⑭★ 週足一目均衡表の雲より株価が上,5,5,週足雲上限 472.12 / 乖離 +17.13%,週足で雲上,True,,,,,,決算予定未取得,JQUANTS_API_KEY未設定のため決算予定日を取得していません,39390
5,4286,4286.T,ＣＬホールディングス,2026-05-08,2026-05-08,1220.0,1220.0,29,34,85.3,13,4,False,① 日足5MA＜株価 / ② 日足5MAの傾きが正 / ③ 日足5MA＞25MA / ④★ 週足13MA＞26MA＞52MA / ⑤★ 週足13MAの傾きが正 / ⑥ 13MAの＋乖離率10％以下 / ⑦ 日足BB +1σ以上 or -1σ以下 / ⑨ 日足MACD GC後 or 乖離 / ⑩★ 週足MACD GC後 / ⑪ 日足RSI 10以下 or 60以上 / ⑫ 週足RSI 10以下 or 60以上 / ⑬ 日足一目均衡表の雲より株価が上 / ⑭★ 週足一目均衡表の雲より株価が上,⑧★ 週足BB条件,https://kabutan.jp/stock/?code=4286,雲上,1189.0,1122.92,16.2,1116.23,1106.01,990.9,9.77,9.3,+1σ〜+2σ,1189.37,1089.93,+2σ以上,1155.4,1208.6,0.1931,0.17,True,63.51,64.27,32.3448,26.3488,5.9959,41.9191,36.5995,5.3196,1136.0,1067.0,7.39,912.46,811.27,33.7,2026-05-10 13:46:20+0900,True,1,○,① 日足5MA＜株価,1,1,"終値 1,220.00 / 5MA 1,189.00",株価が短期平均線を上回る,False,True,1,○,② 日足5MAの傾きが正,1,1,5MA傾き 16.20,短期線が上向き,False,True,1,○,③ 日足5MA＞25MA,1,1,"5MA 1,189.00 / 25MA 1,122.92",短期線が中期線を上回る,False,True,5,○,④★ 週足13MA＞26MA＞52MA,5,5,"13MA 1,116.23 / 26MA 1,106.01 / 52MA 990.90",週足の上昇配列,True,True,5,○,⑤★ 週足13MAの傾きが正,5,5,週13MA傾き 9.77,週足13MAが上向き,True,True,1,○,⑥ 13MAの＋乖離率10％以下,1,1,13MA乖離 +9.30%,過熱が10%以内,False,True,1,○,⑦ 日足BB +1σ以上 or -1σ以下,1,1,日足BB位置 +1σ〜+2σ,±1σ外側で動意あり,False,False,0,×,⑧★ 週足BB条件,0,5,週足BB位置 +2σ以上 / BW 拡大,週足BB条件が未成立,True,True,1,○,⑨ 日足MACD GC後 or 乖離,1,1,MACD 32.3448 / Signal 26.3488 / Hist 5.9959,日足MACDは改善傾向,False,True,5,○,⑩★ 週足MACD GC後,5,5,週MACD 41.9191 / Signal 36.5995,週足MACDがGC後,True,True,1,○,⑪ 日足RSI 10以下 or 60以上,1,1,日足RSI 63.51,RSI条件内,False,True,1,○,⑫ 週足RSI 10以下 or 60以上,1,1,週足RSI 64.27,週足RSI条件内,False,True,1,○,⑬ 日足一目均衡表の雲より株価が上,1,1,"日足雲上限 1,136.00 / 乖離 +7.39%",日足で雲上,False,True,5,○,⑭★ 週足一目均衡表の雲より株価が上,5,5,週足雲上限 912.46 / 乖離 +33.70%,週足で雲上,True,,,,,,決算予定未取得,JQUANTS_API_KEY未設定のため決算予定日を取得していません,42860
6,3566,3566.T,ユニフォームネクスト,2026-05-08,2026-05-08,938.0,938.0,28,34,82.4,12,4,False,① 日足5MA＜株価 / ② 日足5MAの傾きが正 / ③ 日足5MA＞25MA / ④★ 週足13MA＞26MA＞52MA / ⑤★ 週足13MAの傾きが正 / ⑦ 日足BB +1σ以上 or -1σ以下 / ⑨ 日足MACD GC後 or 乖離 / ⑩★ 週足MACD GC後 / ⑪ 日足RSI 10以下 or 60以上 / ⑫ 週足RSI 10以下 or 60以上 / ⑬ 日足一目均衡表の雲より株価が上 / ⑭★ 週足一目均衡表の雲より株価が上,⑧★ 週足BB条件,https://kabutan.jp/stock/?code=3566,雲上,842.0,774.52,26.0,747.46,711.83,655.16,16.23,25.49,+2σ以上,845.61,745.89,+2σ以上,790.8,857.41,0.3679,0.2551,True,79.47,81.32,38.1851,29.9942,8.1909,49.8678,32.3181,17.5497,704.5,684.75,33.14,634.09,591.16,47.93,2026-05-10 13:46:22+0900,True,1,○,① 日足5MA＜株価,1,1,終値 938.00 / 5MA 842.00,株価が短期平均線を上回る,False,True,1,○,② 日足5MAの傾きが正,1,1,5MA傾き 26.00,短期線が上向き,False,True,1,○,③ 日足5MA＞25MA,1,1,5MA 842.00 / 25MA 774.52,短期線が中期線を上回る,False,True,5,○,④★ 週足13MA＞26MA＞52MA,5,5,13MA 747.46 / 26MA 711.83 / 52MA 655.16,週足の上昇配列,True,True,5,○,⑤★ 週足13MAの傾きが正,5,5,週13MA傾き 16.23,週足13MAが上向き,True,False,0,×,⑥ 13MAの＋乖離率10％以下,0,1,13MA乖離 +25.49%,13MAからの上方乖離が大きい可能性,False,True,1,○,⑦ 日足BB +1σ以上 or -1σ以下,1,1,日足BB位置 +2σ以上,±1σ外側で動意あり,False,False,0,×,⑧★ 週足BB条件,0,5,週足BB位置 +2σ以上 / BW 拡大,週足BB条件が未成立,True,True,1,○,⑨ 日足MACD GC後 or 乖離,1,1,MACD 38.1851 / Signal 29.9942 / Hist 8.1909,日足MACDは改善傾向,False,True,5,○,⑩★ 週足MACD GC後,5,5,週MACD 49.8678 / Signal 32.3181,週足MACDがGC後,True,True,1,○,⑪ 日足RSI 10以下 or 60以上,1,1,日足RSI 79.47,RSI条件内,False,True,1,○,⑫ 週足RSI 10以下 or 60以上,1,1,週足RSI 81.32,週足RSI条件内,False,True,1,○,⑬ 日足一目均衡表の雲より株価が上,1,1,日足雲上限 704.50 / 乖離 +33.14%,日足で雲上,False,True,5,○,⑭★ 週足一目均衡表の雲より株価が上,5,5,週足雲上限 634.09 / 乖離 +47.93%,週足で雲上,True,,,,,,決算予定未取得,JQUANTS_API_KEY未設定のため決算予定日を取得していません,35660
7,5885,5885.T,ジーデップ・アドバンス,2026-05-08,2026-05-08,3070.0,3070.0,27,34,79.4,11,4,False,① 日足5MA＜株価 / ② 日足5MAの傾きが正 / ③ 日足5MA＞25MA / ⑤★ 週足13MAの傾きが正 / ⑥ 13MAの＋乖離率10％以下 / ⑦ 日足BB +1σ以上 or -1σ以下 / ⑧★ 週足BB条件 / ⑨ 日足MACD GC後 or 乖離 / ⑩★ 週足MACD GC後 / ⑬ 日足一目均衡表の雲より株価が上 / ⑭★ 週足一目均衡表の雲より株価が上,④★ 週足13MA＞26MA＞52MA,https://kabutan.jp/stock/?code=5885,雲上,2996.4,2944.44,14.0,2914.23,2876.27,2895.22,27.92,5.35,+1σ〜+2σ,3023.27,2919.23,+1σ〜+2σ,3021.38,3139.05,0.1621,0.1749,False,57.59,56.52,33.1396,30.9567,2.1829,37.5818,24.2539,13.3279,2980.0,2846.25,3.02,2889.93,2542.36,6.23,2026-05-10 13:46:21+0900,True,1,○,① 日足5MA＜株価,1,1,"終値 3,070.00 / 5MA 2,996.40",株価が短期平均線を上回る,False,True,1,○,② 日足5MAの傾きが正,1,1,5MA傾き 14.00,短期線が上向き,False,True,1,○,③ 日足5MA＞25MA,1,1,"5MA 2,996.40 / 25MA 2,944.44",短期線が中期線を上回る,False,False,0,×,④★ 週足13MA＞26MA＞52MA,0,5,"13MA 2,914.23 / 26MA 2,876.27 / 52MA 2,895.22",週足MA配列が未成立,True,True,5,○,⑤★ 週足13MAの傾きが正,5,5,週13MA傾き 27.92,週足13MAが上向き,True,True,1,○,⑥ 13MAの＋乖離率10％以下,1,1,13MA乖離 +5.35%,過熱が10%以内,False,True,1,○,⑦ 日足BB +1σ以上 or -1σ以下,1,1,日足BB位置 +1σ〜+2σ,±1σ外側で動意あり,False,True,5,○,⑧★ 週足BB条件,5,5,週足BB位置 +1σ〜+2σ / BW 非拡大,週足BB条件内,True,True,1,○,⑨ 日足MACD GC後 or 乖離,1,1,MACD 33.1396 / Signal 30.9567 / Hist 2.1829,日足MACDは改善傾向,False,True,5,○,⑩★ 週足MACD GC後,5,5,週MACD 37.5818 / Signal 24.2539,週足MACDがGC後,True,False,0,×,⑪ 日足RSI 10以下 or 60以上,0,1,日足RSI 57.59,RSIが中立圏,False,False,0,×,⑫ 週足RSI 10以下 or 60以上,0,1,週足RSI 56.52,週足RSIが中立圏,False,True,1,○,⑬ 日足一目均衡表の雲より株価が上,1,1,"日足雲上限 2,980.00 / 乖離 +3.02%",日足で雲上,False,True,5,○,⑭★ 週足一目均衡表の雲より株価が上,5,5,"週足雲上限 2,889.93 / 乖離 +6.23%",週足で雲上,True,,,,,,決算予定未取得,JQUANTS_API_KEY未設定のため決算予定日を取得していません,58850
8,9272,9272.T,ブティックス,2026-05-08,2026-05-08,1592.0,1592.0,23,34,67.6,7,4,False,③ 日足5MA＞25MA / ④★ 週足13MA＞26MA＞52MA / ⑤★ 週足13MAの傾きが正 / ⑥ 13MAの＋乖離率10％以下 / ⑩★ 週足MACD GC後 / ⑬ 日足一目均衡表の雲より株価が上 / ⑭★ 週足一目均衡表の雲より株価が上,⑧★ 週足BB条件,https://kabutan.jp/stock/?code=9272,雲上,1606.4,1577.68,-7.8,1569.77,1483.38,1434.56,14.77,1.42,-1σ〜中心線,1629.05,1580.95,中心線〜+1σ,1597.92,1679.3,0.2146,0.2203,False,50.97,57.51,17.4372,21.4777,-4.0405,46.1638,40.0614,6.1025,1549.5,1535.0,2.74,1453.75,1438.5,9.51,2026-05-10 13:46:20+0900,False,0,×,① 日足5MA＜株価,0,1,"終値 1,592.00 / 5MA 1,606.40",株価が5MA以下,False,False,0,×,② 日足5MAの傾きが正,0,1,5MA傾き -7.80,短期線が下向き/横ばい未満,False,True,1,○,③ 日足5MA＞25MA,1,1,"5MA 1,606.40 / 25MA 1,577.68",短期線が中期線を上回る,False,True,5,○,④★ 週足13MA＞26MA＞52MA,5,5,"13MA 1,569.77 / 26MA 1,483.38 / 52MA 1,434.56",週足の上昇配列,True,True,5,○,⑤★ 週足13MAの傾きが正,5,5,週13MA傾き 14.77,週足13MAが上向き,True,True,1,○,⑥ 13MAの＋乖離率10％以下,1,1,13MA乖離 +1.42%,過熱が10%以内,False,False,0,×,⑦ 日足BB +1σ以上 or -1σ以下,0,1,日足BB位置 -1σ〜中心線,±1σ内で動意は限定的,False,False,0,×,⑧★ 週足BB条件,0,5,週足BB位置 中心線〜+1σ / BW 非拡大,週足BB条件が未成立,True,False,0,×,⑨ 日足MACD GC後 or 乖離,0,1,MACD 17.4372 / Signal 21.4777 / Hist -4.0405,日足MACDが弱い,False,True,5,○,⑩★ 週足MACD GC後,5,5,週MACD 46.1638 / Signal 40.0614,週足MACDがGC後,True,False,0,×,⑪ 日足RSI 10以下 or 60以上,0,1,日足RSI 50.97,RSIが中立圏,False,False,0,×,⑫ 週足RSI 10以下 or 60以上,0,1,週足RSI 57.51,週足RSIが中立圏,False,True,1,○,⑬ 日足一目均衡表の雲より株価が上,1,1,"日足雲上限 1,549.50 / 乖離 +2.74%",日足で雲上,False,True,5,○,⑭★ 週足一目均衡表の雲より株価が上,5,5,"週足雲上限 1,453.75 / 乖離 +9.51%",週足で雲上,True,,,,,,決算予定未取得,JQUANTS_API_KEY未設定のため決算予定日を取得していません,92720
9,365A,365A.T,伊澤タオル,2026-05-08,2026-05-08,726.0,726.0,21,34,61.8,9,3,False,① 日足5MA＜株価 / ② 日足5MAの傾きが正 / ③ 日足5MA＞25MA / ⑤★ 週足13MAの傾きが正 / ⑥ 13MAの＋乖離率10％以下 / ⑧★ 週足BB条件 / ⑨ 日足MACD GC後 or 乖離 / ⑩★ 週足MACD GC後 / ⑬ 日足一目均衡表の雲より株価が上,④★ 週足13MA＞26MA＞52MA / ⑭★ 週足一目均衡表の雲より株価が上,https://kabutan.jp/stock/?code=365A,雲中/雲下/判定不可,720.8,705.04,2.8,689.76,648.77,,4.6,5.25,中心線〜+1σ,738.15,692.45,+1σ〜+2σ,706.46,737.78,0.1856,0.2075,False,58.24,52.82,11.6725,13.5081,-1.8355,22.685,15.7175,6.9675,669.52,665.71,8.44,,,,2026-05-10 13:46:17+0900,True,1,○,① 日足5MA＜株価,1,1,終値 726.00 / 5MA 720.80,株価が短期平均線を上回る,False,True,1,○,② 日足5MAの傾きが正,1,1,5MA傾き 2.80,短期線が上向き,False,True,1,○,③ 日足5MA＞25MA,1,1,5MA 720.80 / 25MA 705.04,短期線が中期線を上回る,False,False,0,×,④★ 週足13MA＞26MA＞52MA,0,5,13MA 689.76 / 26MA 648.77 / 52MA 判定不可,週足MA配列が未成立,True,True,5,○,⑤★ 週足13MAの傾きが正,5,5,週13MA傾き 4.60,週足13MAが上向き,True,True,1,○,⑥ 13MAの＋乖離率10％以下,1,1,13MA乖離 +5.25%,過熱が10%以内,False,False,0,×,⑦ 日足BB +1σ以上 or -1σ以下,0,1,日足BB位置 中心線〜+1σ,±1σ内で動意は限定的,False,True,5,○,⑧★ 週足BB条件,5,5,週足BB位置 +1σ〜+2σ / BW 非拡大,週足BB条件内,True,True,1,○,⑨ 日足MACD GC後 or 乖離,1,1,MACD 11.6725 / Signal 13.5081 / Hist -1.8355,日足MACDは改善傾向,False,True,5,○,⑩★ 週足MACD GC後,5,5,週MACD 22.6850 / Signal 15.7175,週足MACDがGC後,True,False,0,×,⑪ 日足RSI 10以下 or 60以上,0,1,日足RSI 58.24,RSIが中立圏,False,False,0,×,⑫ 週足RSI 10以下 or 60以上,0,1,週足RSI 52.82,週足RSIが中立圏,False,True,1,○,⑬ 日足一目均衡表の雲より株価が上,1,1,日足雲上限 669.52 / 乖離 +8.44%,日足で雲上,False,False,0,×,⑭★ 週足一目均衡表の雲より株価が上,0,5,週足雲上限 判定不可 / 乖離 判定不可,週足で雲上未達,True,,,,,,決算予定未取得,JQUANTS_API_KEY未設定のため決算予定日を取得していません,365A0
10,156A,156A.T,マテリアルグループ,2026-05-08,2026-05-08,831.0,831.0,19,34,55.9,7,3,False,② 日足5MAの傾きが正 / ④★ 週足13MA＞26MA＞52MA / ⑤★ 週足13MAの傾きが正 / ⑥ 13MAの＋乖離率10％以下 / ⑦ 日足BB +1σ以上 or -1σ以下 / ⑨ 日足MACD GC後 or 乖離 / ⑭★ 週足一目均衡表の雲より株価が上,⑧★ 週足BB条件 / ⑩★ 週足MACD GC後,https://kabutan.jp/stock/?code=156A,雲上,839.8,856.84,1.0,864.92,829.46,795.35,2.38,-3.92,-2σ〜-1σ,880.0,840.6,-1σ〜中心線,908.86,954.56,0.2118,0.2344,False,41.95,49.53,-8.7239,-5.2608,-3.4631,18.2568,26.382,-8.1251,884.5,869.5,-6.05,770.51,716.26,7.85,2026-05-10 13:46:17+0900,False,0,×,① 日足5MA＜株価,0,1,終値 831.00 / 5MA 839.80,株価が5MA以下,False,True,1,○,② 日足5MAの傾きが正,1,1,5MA傾き 1.00,短期線が上向き,False,False,0,×,③ 日足5MA＞25MA,0,1,5MA 839.80 / 25MA 856.84,5MAが25MA以下,False,True,5,○,④★ 週足13MA＞26MA＞52MA,5,5,13MA 864.92 / 26MA 829.46 / 52MA 795.35,週足の上昇配列,True,True,5,○,⑤★ 週足13MAの傾きが正,5,5,週13MA傾き 2.38,週足13MAが上向き,True,True,1,○,⑥ 13MAの＋乖離率10％以下,1,1,13MA乖離 -3.92%,過熱が10%以内,False,True,1,○,⑦ 日足BB +1σ以上 or -1σ以下,1,1,日足BB位置 -2σ〜-1σ,±1σ外側で動意あり,False,False,0,×,⑧★ 週足BB条件,0,5,週足BB位置 -1σ〜中心線 / BW 非拡大,週足BB条件が未成立,True,True,1,○,⑨ 日足MACD GC後 or 乖離,1,1,MACD -8.7239 / Signal -5.2608 / Hist -3.4631,日足MACDは改善傾向,False,False,0,×,⑩★ 週足MACD GC後,0,5,週MACD 18.2568 / Signal 26.3820,週足MACDがGC未達,True,False,0,×,⑪ 日足RSI 10以下 or 60以上,0,1,日足RSI 41.95,RSIが中立圏,False,False,0,×,⑫ 週足RSI 10以下 or 60以上,0,1,週足RSI 49.53,週足RSIが中立圏,False,False,0,×,⑬ 日足一目均衡表の雲より株価が上,0,1,日足雲上限 884.50 / 乖離 -6.05%,日足で雲上未達,False,True,5,○,⑭★ 週足一目均衡表の雲より株価が上,5,5,週足雲上限 770.51 / 乖離 +7.85%,週足で雲上,True,,,,,,決算予定未取得,JQUANTS_API_KEY未設定のため決算予定日を取得していません,156A0
11,5592,5592.T,くすりの窓口,2026-05-08,2026-05-08,2882.0,2882.0,19,34,55.9,7,3,False,③ 日足5MA＞25MA / ⑤★ 週足13MAの傾きが正 / ⑥ 13MAの＋乖離率10％以下 / ⑧★ 週足BB条件 / ⑨ 日足MACD GC後 or 乖離 / ⑩★ 週足MACD GC後 / ⑬ 日足一目均衡表の雲より株価が上,④★ 週足13MA＞26MA＞52MA / ⑭★ 週足一目均衡表の雲より株価が上,https://kabutan.jp/stock/?code=5592,雲中/雲下/判定不可,2886.2,2709.4,-33.6,2657.36,2657.38,2994.41,30.14,8.45,中心線〜+1σ,2901.89,2633.91,+1σ〜+2σ,2796.77,2932.57,0.2041,0.1994,True,58.9,54.34,84.0077,80.305,3.7027,-33.1219,-82.3913,49.2694,2648.83,2553.78,8.8,3530.22,2921.58,-18.36,2026-05-10 13:46:19+0900,False,0,×,① 日足5MA＜株価,0,1,"終値 2,882.00 / 5MA 2,886.20",株価が5MA以下,False,False,0,×,② 日足5MAの傾きが正,0,1,5MA傾き -33.60,短期線が下向き/横ばい未満,False,True,1,○,③ 日足5MA＞25MA,1,1,"5MA 2,886.20 / 25MA 2,709.40",短期線が中期線を上回る,False,False,0,×,④★ 週足13MA＞26MA＞52MA,0,5,"13MA 2,657.36 / 26MA 2,657.38 / 52MA 2,994.41",週足MA配列が未成立,True,True,5,○,⑤★ 週足13MAの傾きが正,5,5,週13MA傾き 30.14,週足13MAが上向き,True,True,1,○,⑥ 13MAの＋乖離率10％以下,1,1,13MA乖離 +8.45%,過熱が10%以内,False,False,0,×,⑦ 日足BB +1σ以上 or -1σ以下,0,1,日足BB位置 中心線〜+1σ,±1σ内で動意は限定的,False,True,5,○,⑧★ 週足BB条件,5,5,週足BB位置 +1σ〜+2σ / BW 拡大,週足BB条件内,True,True,1,○,⑨ 日足MACD GC後 or 乖離,1,1,MACD 84.0077 / Signal 80.3050 / Hist 3.7027,日足MACDは改善傾向,False,True,5,○,⑩★ 週足MACD GC後,5,5,週MACD -33.1219 / Signal -82.3913,週足MACDがGC後,True,False,0,×,⑪ 日足RSI 10以下 or 60以上,0,1,日足RSI 58.90,RSIが中立圏,False,False,0,×,⑫ 週足RSI 10以下 or 60以上,0,1,週足RSI 54.34,週足RSIが中立圏,False,True,1,○,⑬ 日足一目均衡表の雲より株価が上,1,1,"日足雲上限 2,648.83 / 乖離 +8.80%",日足で雲上,False,False,0,×,⑭★ 週足一目均衡表の雲より株価が上,0,5,"週足雲上限 3,530.22 / 乖離 -18.36%",週足で雲上未達,True,,,,,,決算予定未取得,JQUANTS_API_KEY未設定のため決算予定日を取得していません,55920
12,5590,5590.T,ネットスターズ,2026-05-08,2026-05-08,870.0,870.0,18,34,52.9,10,2,False,① 日足5MA＜株価 / ② 日足5MAの傾きが正 / ③ 日足5MA＞25MA / ⑤★ 週足13MAの傾きが正 / ⑥ 13MAの＋乖離率10％以下 / ⑦ 日足BB +1σ以上 or -1σ以下 / ⑨ 日足MACD GC後 or 乖離 / ⑩★ 週足MACD GC後 / ⑪ 日足RSI 10以下 or 60以上 / ⑬ 日足一目均衡表の雲より株価が上,④★ 週足13MA＞26MA＞52MA / ⑧★ 週足BB条件 / ⑭★ 週足一目均衡表の雲より株価が上,https://kabutan.jp/stock/?code=5590,雲中/雲下/判定不可,855.2,825.68,7.6,811.46,884.62,970.23,3.62,7.21,+1σ〜+2σ,858.74,810.46,中心線〜+1σ,946.93,1032.05,0.3951,0.3963,False,61.08,48.23,15.1732,12.7709,2.4023,-46.3081,-56.4152,10.1072,869.0,766.0,0.12,1114.0,1004.0,-21.9,2026-05-10 13:46:18+0900,True,1,○,① 日足5MA＜株価,1,1,終値 870.00 / 5MA 855.20,株価が短期平均線を上回る,False,True,1,○,② 日足5MAの傾きが正,1,1,5MA傾き 7.60,短期線が上向き,False,True,1,○,③ 日足5MA＞25MA,1,1,5MA 855.20 / 25MA 825.68,短期線が中期線を上回る,False,False,0,×,④★ 週足13MA＞26MA＞52MA,0,5,13MA 811.46 / 26MA 884.62 / 52MA 970.23,週足MA配列が未成立,True,True,5,○,⑤★ 週足13MAの傾きが正,5,5,週13MA傾き 3.62,週足13MAが上向き,True,True,1,○,⑥ 13MAの＋乖離率10％以下,1,1,13MA乖離 +7.21%,過熱が10%以内,False,True,1,○,⑦ 日足BB +1σ以上 or -1σ以下,1,1,日足BB位置 +1σ〜+2σ,±1σ外側で動意あり,False,False,0,×,⑧★ 週足BB条件,0,5,週足BB位置 中心線〜+1σ / BW 非拡大,週足BB条件が未成立,True,True,1,○,⑨ 日足MACD GC後 or 乖離,1,1,MACD 15.1732 / Signal 12.7709 / Hist 2.4023,日足MACDは改善傾向,False,True,5,○,⑩★ 週足MACD GC後,5,5,週MACD -46.3081 / Signal -56.4152,週足MACDがGC後,True,True,1,○,⑪ 日足RSI 10以下 or 60以上,1,1,日足RSI 61.08,RSI条件内,False,False,0,×,⑫ 週足RSI 10以下 or 60以上,0,1,週足RSI 48.23,週足RSIが中立圏,False,True,1,○,⑬ 日足一目均衡表の雲より株価が上,1,1,日足雲上限 869.00 / 乖離 +0.12%,日足で雲上,False,False,0,×,⑭★ 週足一目均衡表の雲より株価が上,0,5,"週足雲上限 1,114.00 / 乖離 -21.90%",週足で雲上未達,True,,,,,,決算予定未取得,JQUANTS_API_KEY未設定のため決算予定日を取得していません,55900
13,3984,3984.T,ユーザーローカル,2026-05-08,2026-05-08,1793.0,1793.0,17,34,50.0,9,2,False,① 日足5MA＜株価 / ② 日足5MAの傾きが正 / ③ 日足5MA＞25MA / ⑤★ 週足13MAの傾きが正 / ⑦ 日足BB +1σ以上 or -1σ以下 / ⑨ 日足MACD GC後 or 乖離 / ⑩★ 週足MACD GC後 / ⑪ 日足RSI 10以下 or 60以上 / ⑬ 日足一目均衡表の雲より株価が上,④★ 週足13MA＞26MA＞52MA / ⑧★ 週足BB条件 / ⑭★ 週足一目均衡表の雲より株価が上,https://kabutan.jp/stock/?code=3984,雲中/雲下/判定不可,1607.2,1530.36,47.8,1557.85,1738.23,1826.4,5.69,15.09,+2σ以上,1623.65,1478.55,中心線〜+1σ,1882.5,2080.21,0.4694,0.4795,False,73.71,55.91,32.5379,13.483,19.0549,-78.897,-92.1611,13.264,1738.0,1511.25,3.16,1960.83,1742.03,-8.56,2026-05-10 13:46:23+0900,True,1,○,① 日足5MA＜株価,1,1,"終値 1,793.00 / 5MA 1,607.20",株価が短期平均線を上回る,False,True,1,○,② 日足5MAの傾きが正,1,1,5MA傾き 47.80,短期線が上向き,False,True,1,○,③ 日足5MA＞25MA,1,1,"5MA 1,607.20 / 25MA 1,530.36",短期線が中期線を上回る,False,False,0,×,④★ 週足13MA＞26MA＞52MA,0,5,"13MA 1,557.85 / 26MA 1,738.23 / 52MA 1,826.40",週足MA配列が未成立,True,True,5,○,⑤★ 週足13MAの傾きが正,5,5,週13MA傾き 5.69,週足13MAが上向き,True,False,0,×,⑥ 13MAの＋乖離率10％以下,0,1,13MA乖離 +15.09%,13MAからの上方乖離が大きい可能性,False,True,1,○,⑦ 日足BB +1σ以上 or -1σ以下,1,1,日足BB位置 +2σ以上,±1σ外側で動意あり,False,False,0,×,⑧★ 週足BB条件,0,5,週足BB位置 中心線〜+1σ / BW 非拡大,週足BB条件が未成立,True,True,1,○,⑨ 日足MACD GC後 or 乖離,1,1,MACD 32.5379 / Signal 13.4830 / Hist 19.0549,日足MACDは改善傾向,False,True,5,○,⑩★ 週足MACD GC後,5,5,週MACD -78.8970 / Signal -92.1611,週足MACDがGC後,True,True,1,○,⑪ 日足RSI 10以下 or 60以上,1,1,日足RSI 73.71,RSI条件内,False,False,0,×,⑫ 週足RSI 10以下 or 60以上,0,1,週足RSI 55.91,週足RSIが中立圏,False,True,1,○,⑬ 日足一目均衡表の雲より株価が上,1,1,"日足雲上限 1,738.00 / 乖離 +3.16%",日足で雲上,False,False,0,×,⑭★ 週足一目均衡表の雲より株価が上,0,5,"週足雲上限 1,960.83 / 乖離 -8.56%",週足で雲上未達,True,,,,,,決算予定未取得,JQUANTS_API_KEY未設定のため決算予定日を取得していません,39840
14,247A,247A.T,Ａｉロボティクス,2026-05-08,2026-05-08,1449.0,1449.0,17,34,50.0,9,2,False,① 日足5MA＜株価 / ② 日足5MAの傾きが正 / ③ 日足5MA＞25MA / ⑤★ 週足13MAの傾きが正 / ⑦ 日足BB +1σ以上 or -1σ以下 / ⑨ 日足MACD GC後 or 乖離 / ⑩★ 週足MACD GC後 / ⑪ 日足RSI 10以下 or 60以上 / ⑬ 日足一目均衡表の雲より株価が上,④★ 週足13MA＞26MA＞52MA / ⑧★ 週足BB条件 / ⑭★ 週足一目均衡表の雲より株価が上,https://kabutan.jp/stock/?code=247A,雲中/雲下/判定不可,1355.0,1243.88,42.8,1299.23,1383.23,1398.04,9.62,11.53,+2σ以上,1343.75,1152.15,中心線〜+1σ,1476.53,1597.66,0.3575,0.4235,False,64.64,53.91,33.3283,8.2328,25.0955,-35.8687,-38.8814,3.0127,1302.5,1256.5,11.25,1644.0,1301.9,-11.86,2026-05-10 13:46:20+0900,True,1,○,① 日足5MA＜株価,1,1,"終値 1,449.00 / 5MA 1,355.00",株価が短期平均線を上回る,False,True,1,○,② 日足5MAの傾きが正,1,1,5MA傾き 42.80,短期線が上向き,False,True,1,○,③ 日足5MA＞25MA,1,1,"5MA 1,355.00 / 25MA 1,243.88",短期線が中期線を上回る,False,False,0,×,④★ 週足13MA＞26MA＞52MA,0,5,"13MA 1,299.23 / 26MA 1,383.23 / 52MA 1,398.04",週足MA配列が未成立,True,True,5,○,⑤★ 週足13MAの傾きが正,5,5,週13MA傾き 9.62,週足13MAが上向き,True,False,0,×,⑥ 13MAの＋乖離率10％以下,0,1,13MA乖離 +11.53%,13MAからの上方乖離が大きい可能性,False,True,1,○,⑦ 日足BB +1σ以上 or -1σ以下,1,1,日足BB位置 +2σ以上,±1σ外側で動意あり,False,False,0,×,⑧★ 週足BB条件,0,5,週足BB位置 中心線〜+1σ / BW 非拡大,週足BB条件が未成立,True,True,1,○,⑨ 日足MACD GC後 or 乖離,1,1,MACD 33.3283 / Signal 8.2328 / Hist 25.0955,日足MACDは改善傾向,False,True,5,○,⑩★ 週足MACD GC後,5,5,週MACD -35.8687 / Signal -38.8814,週足MACDがGC後,True,True,1,○,⑪ 日足RSI 10以下 or 60以上,1,1,日足RSI 64.64,RSI条件内,False,False,0,×,⑫ 週足RSI 10以下 or 60以上,0,1,週足RSI 53.91,週足RSIが中立圏,False,True,1,○,⑬ 日足一目均衡表の雲より株価が上,1,1,"日足雲上限 1,302.50 / 乖離 +11.25%",日足で雲上,False,False,0,×,⑭★ 週足一目均衡表の雲より株価が上,0,5,"週足雲上限 1,644.00 / 乖離 -11.86%",週足で雲上未達,True,,,,,,決算予定未取得,JQUANTS_API_KEY未設定のため決算予定日を取得していません,247A0
15,8789,8789.T,フィンテック　グローバル,2026-05-08,2026-05-08,129.0,129.0,15,34,44.1,7,2,False,① 日足5MA＜株価 / ② 日足5MAの傾きが正 / ③ 日足5MA＞25MA / ⑥ 13MAの＋乖離率10％以下 / ⑧★ 週足BB条件 / ⑨ 日足MACD GC後 or 乖離 / ⑭★ 週足一目均衡表の雲より株価が上,④★ 週足13MA＞26MA＞52MA / ⑤★ 週足13MAの傾きが正 / ⑩★ 週足MACD GC後,https://kabutan.jp/stock/?code=8789,雲上,128.2,126.24,0.8,133.77,138.65,123.52,-2.0,-3.57,中心線〜+1σ,129.54,125.56,-1σ〜中心線,147.96,158.42,0.3043,0.2983,True,51.27,48.08,-0.5176,-1.0712,0.5536,-0.4474,2.1492,-2.5966,142.0,132.5,-9.15,111.28,110.64,15.93,2026-05-10 13:46:23+0900,True,1,○,① 日足5MA＜株価,1,1,終値 129.00 / 5MA 128.20,株価が短期平均線を上回る,False,True,1,○,② 日足5MAの傾きが正,1,1,5MA傾き 0.80,短期線が上向き,False,True,1,○,③ 日足5MA＞25MA,1,1,5MA 128.20 / 25MA 126.24,短期線が中期線を上回る,False,False,0,×,④★ 週足13MA＞26MA＞52MA,0,5,13MA 133.77 / 26MA 138.65 / 52MA 123.52,週足MA配列が未成立,True,False,0,×,⑤★ 週足13MAの傾きが正,0,5,週13MA傾き -2.00,週足13MAが下向き/判定不可,True,True,1,○,⑥ 13MAの＋乖離率10％以下,1,1,13MA乖離 -3.57%,過熱が10%以内,False,False,0,×,⑦ 日足BB +1σ以上 or -1σ以下,0,1,日足BB位置 中心線〜+1σ,±1σ内で動意は限定的,False,True,5,○,⑧★ 週足BB条件,5,5,週足BB位置 -1σ〜中心線 / BW 拡大,週足BB条件内,True,True,1,○,⑨ 日足MACD GC後 or 乖離,1,1,MACD -0.5176 / Signal -1.0712 / Hist 0.5536,日足MACDは改善傾向,False,False,0,×,⑩★ 週足MACD GC後,0,5,週MACD -0.4474 / Signal 2.1492,週足MACDがGC未達,True,False,0,×,⑪ 日足RSI 10以下 or 60以上,0,1,日足RSI 51.27,RSIが中立圏,False,False,0,×,⑫ 週足RSI 10以下 or 60以上,0,1,週足RSI 48.08,週足RSIが中立圏,False,False,0,×,⑬ 日足一目均衡表の雲より株価が上,0,1,日足雲上限 142.00 / 乖離 -9.15%,日足で雲上未達,False,True,5,○,⑭★ 週足一目均衡表の雲より株価が上,5,5,週足雲上限 111.28 / 乖離 +15.93%,週足で雲上,True,,,,,,決算予定未取得,JQUANTS_API_KEY未設定のため決算予定日を取得していません,87890
16,9252,9252.T,ラストワンマイル,2026-05-08,2026-05-08,3980.0,3980.0,15,34,44.1,7,2,False,① 日足5MA＜株価 / ② 日足5MAの傾きが正 / ③ 日足5MA＞25MA / ④★ 週足13MA＞26MA＞52MA / ⑥ 13MAの＋乖離率10％以下 / ⑨ 日足MACD GC後 or 乖離 / ⑭★ 週足一目均衡表の雲より株価が上,⑤★ 週足13MAの傾きが正 / ⑧★ 週足BB条件 / ⑩★ 週足MACD GC後,https://kabutan.jp/stock/?code=9252,雲上,3941.0,3929.8,15.0,4129.48,4021.61,3946.27,-18.56,-3.62,中心線〜+1σ,3980.14,3836.86,-1σ〜中心線,4422.26,4686.41,0.2541,0.2627,False,50.65,48.57,-47.6672,-72.6854,25.0182,15.991,67.9271,-51.9362,4315.8,4304.4,-7.78,3823.12,3409.82,4.1,2026-05-10 13:46:21+0900,True,1,○,① 日足5MA＜株価,1,1,"終値 3,980.00 / 5MA 3,941.00",株価が短期平均線を上回る,False,True,1,○,② 日足5MAの傾きが正,1,1,5MA傾き 15.00,短期線が上向き,False,True,1,○,③ 日足5MA＞25MA,1,1,"5MA 3,941.00 / 25MA 3,929.80",短期線が中期線を上回る,False,True,5,○,④★ 週足13MA＞26MA＞52MA,5,5,"13MA 4,129.48 / 26MA 4,021.61 / 52MA 3,946.27",週足の上昇配列,True,False,0,×,⑤★ 週足13MAの傾きが正,0,5,週13MA傾き -18.56,週足13MAが下向き/判定不可,True,True,1,○,⑥ 13MAの＋乖離率10％以下,1,1,13MA乖離 -3.62%,過熱が10%以内,False,False,0,×,⑦ 日足BB +1σ以上 or -1σ以下,0,1,日足BB位置 中心線〜+1σ,±1σ内で動意は限定的,False,False,0,×,⑧★ 週足BB条件,0,5,週足BB位置 -1σ〜中心線 / BW 非拡大,週足BB条件が未成立,True,True,1,○,⑨ 日足MACD GC後 or 乖離,1,1,MACD -47.6672 / Signal -72.6854 / Hist 25.0182,日足MACDは改善傾向,False,False,0,×,⑩★ 週足MACD GC後,0,5,週MACD 15.9910 / Signal 67.9271,週足MACDがGC未達,True,False,0,×,⑪ 日足RSI 10以下 or 60以上,0,1,日足RSI 50.65,RSIが中立圏,False,False,0,×,⑫ 週足RSI 10以下 or 60以上,0,1,週足RSI 48.57,週足RSIが中立圏,False,False,0,×,⑬ 日足一目均衡表の雲より株価が上,0,1,"日足雲上限 4,315.80 / 乖離 -7.78%",日足で雲上未達,False,True,5,○,⑭★ 週足一目均衡表の雲より株価が上,5,5,"週足雲上限 3,823.12 / 乖離 +4.10%",週足で雲上,True,,,,,,決算予定未取得,JQUANTS_API_KEY未設定のため決算予定日を取得していません,92520
17,7383,7383.T,ネットプロテクションズホールディングス,2026-05-08,2026-05-08,438.0,438.0,15,34,44.1,7,2,False,① 日足5MA＜株価 / ② 日足5MAの傾きが正 / ③ 日足5MA＞25MA / ⑤★ 週足13MAの傾きが正 / ⑥ 13MAの＋乖離率10％以下 / ⑨ 日足MACD GC後 or 乖離 / ⑩★ 週足MACD GC後,④★ 週足13MA＞26MA＞52MA / ⑧★ 週足BB条件 / ⑭★ 週足一目均衡表の雲より株価が上,https://kabutan.jp/stock/?code=7383,雲中/雲下/判定不可,430.2,419.96,2.0,442.69,500.81,617.54,1.54,-1.06,中心線〜+1σ,448.27,412.13,-1σ〜中心線,532.44,596.59,0.5479,0.5756,False,53.43,42.69,2.4861,1.4621,1.024,-57.0845,-61.3286,4.244,447.0,415.75,-2.01,767.5,650.0,-42.93,2026-05-10 13:46:19+0900,True,1,○,① 日足5MA＜株価,1,1,終値 438.00 / 5MA 430.20,株価が短期平均線を上回る,False,True,1,○,② 日足5MAの傾きが正,1,1,5MA傾き 2.00,短期線が上向き,False,True,1,○,③ 日足5MA＞25MA,1,1,5MA 430.20 / 25MA 419.96,短期線が中期線を上回る,False,False,0,×,④★ 週足13MA＞26MA＞52MA,0,5,13MA 442.69 / 26MA 500.81 / 52MA 617.54,週足MA配列が未成立,True,True,5,○,⑤★ 週足13MAの傾きが正,5,5,週13MA傾き 1.54,週足13MAが上向き,True,True,1,○,⑥ 13MAの＋乖離率10％以下,1,1,13MA乖離 -1.06%,過熱が10%以内,False,False,0,×,⑦ 日足BB +1σ以上 or -1σ以下,0,1,日足BB位置 中心線〜+1σ,±1σ内で動意は限定的,False,False,0,×,⑧★ 週足BB条件,0,5,週足BB位置 -1σ〜中心線 / BW 非拡大,週足BB条件が未成立,True,True,1,○,⑨ 日足MACD GC後 or 乖離,1,1,MACD 2.4861 / Signal 1.4621 / Hist 1.0240,日足MACDは改善傾向,False,True,5,○,⑩★ 週足MACD GC後,5,5,週MACD -57.0845 / Signal -61.3286,週足MACDがGC後,True,False,0,×,⑪ 日足RSI 10以下 or 60以上,0,1,日足RSI 53.43,RSIが中立圏,False,False,0,×,⑫ 週足RSI 10以下 or 60以上,0,1,週足RSI 42.69,週足RSIが中立圏,False,False,0,×,⑬ 日足一目均衡表の雲より株価が上,0,1,日足雲上限 447.00 / 乖離 -2.01%,日足で雲上未達,False,False,0,×,⑭★ 週足一目均衡表の雲より株価が上,0,5,週足雲上限 767.50 / 乖離 -42.93%,週足で雲上未達,True,,,,,,決算予定未取得,JQUANTS_API_KEY未設定のため決算予定日を取得していません,73830
18,300A,300A.T,ＭＩＣ,2026-05-08,2026-05-08,2782.0,2782.0,14,34,41.2,6,2,False,② 日足5MAの傾きが正 / ⑥ 13MAの＋乖離率10％以下 / ⑦ 日足BB +1σ以上 or -1σ以下 / ⑧★ 週足BB条件 / ⑨ 日足MACD GC後 or 乖離 / ⑭★ 週足一目均衡表の雲より株価が上,④★ 週足13MA＞26MA＞52MA / ⑤★ 週足13MAの傾きが正 / ⑩★ 週足MACD GC後,https://kabutan.jp/stock/?code=300A,雲上,2789.4,2879.52,4.0,2815.07,2911.18,2672.27,-19.43,-1.17,-2σ〜-1σ,2993.64,2794.26,-1σ〜中心線,3032.39,3167.26,0.1862,0.1822,True,44.95,49.4,-9.7342,17.7936,-27.5278,42.7166,72.1973,-29.4807,2867.16,2663.55,-2.97,2412.96,2412.96,15.29,2026-05-10 13:46:18+0900,False,0,×,① 日足5MA＜株価,0,1,"終値 2,782.00 / 5MA 2,789.40",株価が5MA以下,False,True,1,○,② 日足5MAの傾きが正,1,1,5MA傾き 4.00,短期線が上向き,False,False,0,×,③ 日足5MA＞25MA,0,1,"5MA 2,789.40 / 25MA 2,879.52",5MAが25MA以下,False,False,0,×,④★ 週足13MA＞26MA＞52MA,0,5,"13MA 2,815.07 / 26MA 2,911.18 / 52MA 2,672.27",週足MA配列が未成立,True,False,0,×,⑤★ 週足13MAの傾きが正,0,5,週13MA傾き -19.43,週足13MAが下向き/判定不可,True,True,1,○,⑥ 13MAの＋乖離率10％以下,1,1,13MA乖離 -1.17%,過熱が10%以内,False,True,1,○,⑦ 日足BB +1σ以上 or -1σ以下,1,1,日足BB位置 -2σ〜-1σ,±1σ外側で動意あり,False,True,5,○,⑧★ 週足BB条件,5,5,週足BB位置 -1σ〜中心線 / BW 拡大,週足BB条件内,True,True,1,○,⑨ 日足MACD GC後 or 乖離,1,1,MACD -9.7342 / Signal 17.7936 / Hist -27.5278,日足MACDは改善傾向,False,False,0,×,⑩★ 週足MACD GC後,0,5,週MACD 42.7166 / Signal 72.1973,週足MACDがGC未達,True,False,0,×,⑪ 日足RSI 10以下 or 60以上,0,1,日足RSI 44.95,RSIが中立圏,False,False,0,×,⑫ 週足RSI 10以下 or 60以上,0,1,週足RSI 49.40,週足RSIが中立圏,False,False,0,×,⑬ 日足一目均衡表の雲より株価が上,0,1,"日足雲上限 2,867.16 / 乖離 -2.97%",日足で雲上未達,False,True,5,○,⑭★ 週足一目均衡表の雲より株価が上,5,5,"週足雲上限 2,412.96 / 乖離 +15.29%",週足で雲上,True,,,,,,決算予定未取得,JQUANTS_API_KEY未設定のため決算予定日を取得していません,300A0
19,7354,7354.T,ダイレクトマーケティングミックス,2026-05-08,2026-05-08,308.0,308.0,14,34,41.2,6,2,False,① 日足5MA＜株価 / ② 日足5MAの傾きが正 / ④★ 週足13MA＞26MA＞52MA / ⑥ 13MAの＋乖離率10％以下 / ⑨ 日足MACD GC後 or 乖離 / ⑭★ 週足一目均衡表の雲より株価が上,⑤★ 週足13MAの傾きが正 / ⑧★ 週足BB条件 / ⑩★ 週足MACD GC後,https://kabutan.jp/stock/?code=7354,雲上,301.6,310.8,1.8,310.85,303.77,283.41,-0.23,-0.92,-1σ〜中心線,320.15,302.45,-1σ〜中心線,324.98,340.97,0.2069,0.2136,False,49.95,52.19,-2.3326,-0.9263,-1.4063,5.839,8.1388,-2.2998,319.0,308.75,-3.45,267.36,244.17,15.2,2026-05-10 13:46:23+0900,True,1,○,① 日足5MA＜株価,1,1,終値 308.00 / 5MA 301.60,株価が短期平均線を上回る,False,True,1,○,② 日足5MAの傾きが正,1,1,5MA傾き 1.80,短期線が上向き,False,False,0,×,③ 日足5MA＞25MA,0,1,5MA 301.60 / 25MA 310.80,5MAが25MA以下,False,True,5,○,④★ 週足13MA＞26MA＞52MA,5,5,13MA 310.85 / 26MA 303.77 / 52MA 283.41,週足の上昇配列,True,False,0,×,⑤★ 週足13MAの傾きが正,0,5,週13MA傾き -0.23,週足13MAが下向き/判定不可,True,True,1,○,⑥ 13MAの＋乖離率10％以下,1,1,13MA乖離 -0.92%,過熱が10%以内,False,False,0,×,⑦ 日足BB +1σ以上 or -1σ以下,0,1,日足BB位置 -1σ〜中心線,±1σ内で動意は限定的,False,False,0,×,⑧★ 週足BB条件,0,5,週足BB位置 -1σ〜中心線 / BW 非拡大,週足BB条件が未成立,True,True,1,○,⑨ 日足MACD GC後 or 乖離,1,1,MACD -2.3326 / Signal -0.9263 / Hist -1.4063,日足MACDは改善傾向,False,False,0,×,⑩★ 週足MACD GC後,0,5,週MACD 5.8390 / Signal 8.1388,週足MACDがGC未達,True,False,0,×,⑪ 日足RSI 10以下 or 60以上,0,1,日足RSI 49.95,RSIが中立圏,False,False,0,×,⑫ 週足RSI 10以下 or 60以上,0,1,週足RSI 52.19,週足RSIが中立圏,False,False,0,×,⑬ 日足一目均衡表の雲より株価が上,0,1,日足雲上限 319.00 / 乖離 -3.45%,日足で雲上未達,False,True,5,○,⑭★ 週足一目均衡表の雲より株価が上,5,5,週足雲上限 267.36 / 乖離 +15.20%,週足で雲上,True,,,,,,決算予定未取得,JQUANTS_API_KEY未設定のため決算予定日を取得していません,73540
20,9271,9271.T,和心,2026-05-08,2026-05-08,914.0,914.0,14,34,41.2,6,2,False,① 日足5MA＜株価 / ② 日足5MAの傾きが正 / ④★ 週足13MA＞26MA＞52MA / ⑥ 13MAの＋乖離率10％以下 / ⑨ 日足MACD GC後 or 乖離 / ⑭★ 週足一目均衡表の雲より株価が上,⑤★ 週足13MAの傾きが正 / ⑧★ 週足BB条件 / ⑩★ 週足MACD GC後,https://kabutan.jp/stock/?code=9271,雲上,880.0,920.8,11.8,999.92,929.35,798.77,-0.08,-8.59,-1σ〜中心線,958.48,877.62,-1σ〜中心線,1070.93,1176.56,0.4377,0.4582,False,47.5,49.78,-27.9971,-30.2482,2.2511,23.5615,50.6676,-27.1061,1097.5,1050.5,-16.72,869.0,736.5,5.18,2026-05-10 13:46:23+0900,True,1,○,① 日足5MA＜株価,1,1,終値 914.00 / 5MA 880.00,株価が短期平均線を上回る,False,True,1,○,② 日足5MAの傾きが正,1,1,5MA傾き 11.80,短期線が上向き,False,False,0,×,③ 日足5MA＞25MA,0,1,5MA 880.00 / 25MA 920.80,5MAが25MA以下,False,True,5,○,④★ 週足13MA＞26MA＞52MA,5,5,13MA 999.92 / 26MA 929.35 / 52MA 798.77,週足の上昇配列,True,False,0,×,⑤★ 週足13MAの傾きが正,0,5,週13MA傾き -0.08,週足13MAが下向き/判定不可,True,True,1,○,⑥ 13MAの＋乖離率10％以下,1,1,13MA乖離 -8.59%,過熱が10%以内,False,False,0,×,⑦ 日足BB +1σ以上 or -1σ以下,0,1,日足BB位置 -1σ〜中心線,±1σ内で動意は限定的,False,False,0,×,⑧★ 週足BB条件,0,5,週足BB位置 -1σ〜中心線 / BW 非拡大,週足BB条件が未成立,True,True,1,○,⑨ 日足MACD GC後 or 乖離,1,1,MACD -27.9971 / Signal -30.2482 / Hist 2.2511,日足MACDは改善傾向,False,False,0,×,⑩★ 週足MACD GC後,0,5,週MACD 23.5615 / Signal 50.6676,週足MACDがGC未達,True,False,0,×,⑪ 日足RSI 10以下 or 60以上,0,1,日足RSI 47.50,RSIが中立圏,False,False,0,×,⑫ 週足RSI 10以下 or 60以上,0,1,週足RSI 49.78,週足RSIが中立圏,False,False,0,×,⑬ 日足一目均衡表の雲より株価が上,0,1,"日足雲上限 1,097.50 / 乖離 -16.72%",日足で雲上未達,False,True,5,○,⑭★ 週足一目均衡表の雲より株価が上,5,5,週足雲上限 869.00 / 乖離 +5.18%,週足で雲上,True,,,,,,決算予定未取得,JQUANTS_API_KEY未設定のため決算予定日を取得していません,92710
21,366A,366A.T,ウェルネス・コミュニケーションズ,2026-05-08,2026-05-08,964.0,964.0,13,34,38.2,5,2,False,⑤★ 週足13MAの傾きが正 / ⑥ 13MAの＋乖離率10％以下 / ⑦ 日足BB +1σ以上 or -1σ以下 / ⑨ 日足MACD GC後 or 乖離 / ⑩★ 週足MACD GC後,④★ 週足13MA＞26MA＞52MA / ⑧★ 週足BB条件 / ⑭★ 週足一目均衡表の雲より株価が上,https://kabutan.jp/stock/?code=366A,雲中/雲下/判定不可,970.4,1008.92,-7.8,966.63,1041.18,,0.39,-0.27,-2σ〜-1σ,1037.74,983.96,-1σ〜中心線,1058.3,1119.44,0.2453,0.2477,False,42.58,40.8,-3.0206,7.1505,-10.1711,-72.5051,-90.5531,18.048,1002.02,923.24,-3.79,,,,2026-05-10 13:46:20+0900,False,0,×,① 日足5MA＜株価,0,1,終値 964.00 / 5MA 970.40,株価が5MA以下,False,False,0,×,② 日足5MAの傾きが正,0,1,5MA傾き -7.80,短期線が下向き/横ばい未満,False,False,0,×,③ 日足5MA＞25MA,0,1,"5MA 970.40 / 25MA 1,008.92",5MAが25MA以下,False,False,0,×,④★ 週足13MA＞26MA＞52MA,0,5,"13MA 966.63 / 26MA 1,041.18 / 52MA 判定不可",週足MA配列が未成立,True,True,5,○,⑤★ 週足13MAの傾きが正,5,5,週13MA傾き 0.39,週足13MAが上向き,True,True,1,○,⑥ 13MAの＋乖離率10％以下,1,1,13MA乖離 -0.27%,過熱が10%以内,False,True,1,○,⑦ 日足BB +1σ以上 or -1σ以下,1,1,日足BB位置 -2σ〜-1σ,±1σ外側で動意あり,False,False,0,×,⑧★ 週足BB条件,0,5,週足BB位置 -1σ〜中心線 / BW 非拡大,週足BB条件が未成立,True,True,1,○,⑨ 日足MACD GC後 or 乖離,1,1,MACD -3.0206 / Signal 7.1505 / Hist -10.1711,日足MACDは改善傾向,False,True,5,○,⑩★ 週足MACD GC後,5,5,週MACD -72.5051 / Signal -90.5531,週足MACDがGC後,True,False,0,×,⑪ 日足RSI 10以下 or 60以上,0,1,日足RSI 42.58,RSIが中立圏,False,False,0,×,⑫ 週足RSI 10以下 or 60以上,0,1,週足RSI 40.80,週足RSIが中立圏,False,False,0,×,⑬ 日足一目均衡表の雲より株価が上,0,1,"日足雲上限 1,002.02 / 乖離 -3.79%",日足で雲上未達,False,False,0,×,⑭★ 週足一目均衡表の雲より株価が上,0,5,週足雲上限 判定不可 / 乖離 判定不可,週足で雲上未達,True,,,,,,決算予定未取得,JQUANTS_API_KEY未設定のため決算予定日を取得していません,366A0
22,3021,3021.T,パシフィックネット,2026-05-08,2026-05-08,1885.0,1885.0,12,34,35.3,4,2,False,④★ 週足13MA＞26MA＞52MA / ⑥ 13MAの＋乖離率10％以下 / ⑨ 日足MACD GC後 or 乖離 / ⑭★ 週足一目均衡表の雲より株価が上,⑤★ 週足13MAの傾きが正 / ⑧★ 週足BB条件 / ⑩★ 週足MACD GC後,https://kabutan.jp/stock/?code=3021,雲上,1893.0,2079.48,-5.0,2170.77,1981.69,1639.84,-4.62,-13.16,-1σ〜中心線,2250.23,1884.67,-2σ〜-1σ,2290.56,2476.77,0.354,0.3543,False,36.07,47.76,-90.9403,-76.5199,-14.4204,96.5042,165.5112,-69.007,2284.25,2188.5,-17.48,1332.75,1193.69,41.44,2026-05-10 13:46:22+0900,False,0,×,① 日足5MA＜株価,0,1,"終値 1,885.00 / 5MA 1,893.00",株価が5MA以下,False,False,0,×,② 日足5MAの傾きが正,0,1,5MA傾き -5.00,短期線が下向き/横ばい未満,False,False,0,×,③ 日足5MA＞25MA,0,1,"5MA 1,893.00 / 25MA 2,079.48",5MAが25MA以下,False,True,5,○,④★ 週足13MA＞26MA＞52MA,5,5,"13MA 2,170.77 / 26MA 1,981.69 / 52MA 1,639.84",週足の上昇配列,True,False,0,×,⑤★ 週足13MAの傾きが正,0,5,週13MA傾き -4.62,週足13MAが下向き/判定不可,True,True,1,○,⑥ 13MAの＋乖離率10％以下,1,1,13MA乖離 -13.16%,過熱が10%以内,False,False,0,×,⑦ 日足BB +1σ以上 or -1σ以下,0,1,日足BB位置 -1σ〜中心線,±1σ内で動意は限定的,False,False,0,×,⑧★ 週足BB条件,0,5,週足BB位置 -2σ〜-1σ / BW 非拡大,週足BB条件が未成立,True,True,1,○,⑨ 日足MACD GC後 or 乖離,1,1,MACD -90.9403 / Signal -76.5199 / Hist -14.4204,日足MACDは改善傾向,False,False,0,×,⑩★ 週足MACD GC後,0,5,週MACD 96.5042 / Signal 165.5112,週足MACDがGC未達,True,False,0,×,⑪ 日足RSI 10以下 or 60以上,0,1,日足RSI 36.07,RSIが中立圏,False,False,0,×,⑫ 週足RSI 10以下 or 60以上,0,1,週足RSI 47.76,週足RSIが中立圏,False,False,0,×,⑬ 日足一目均衡表の雲より株価が上,0,1,"日足雲上限 2,284.25 / 乖離 -17.48%",日足で雲上未達,False,True,5,○,⑭★ 週足一目均衡表の雲より株価が上,5,5,"週足雲上限 1,332.75 / 乖離 +41.44%",週足で雲上,True,,,,,,決算予定未取得,JQUANTS_API_KEY未設定のため決算予定日を取得していません,30210
23,6809,6809.T,ＴＯＡ,2026-05-08,2026-05-08,1569.0,1569.0,12,34,35.3,4,2,False,④★ 週足13MA＞26MA＞52MA / ⑥ 13MAの＋乖離率10％以下 / ⑦ 日足BB +1σ以上 or -1σ以下 / ⑭★ 週足一目均衡表の雲より株価が上,⑤★ 週足13MAの傾きが正 / ⑧★ 週足BB条件 / ⑩★ 週足MACD GC後,https://kabutan.jp/stock/?code=6809,雲上,1714.0,1766.44,-27.6,1750.4,1682.58,1381.82,-14.72,-10.36,-2σ以下,1817.88,1706.42,-2σ〜-1σ,1796.0,1885.52,0.2098,0.2126,False,30.47,46.28,-20.8879,-6.773,-14.1149,83.5446,117.6278,-34.0833,1767.19,1718.02,-11.21,1368.2,1242.74,14.68,2026-05-10 13:46:22+0900,False,0,×,① 日足5MA＜株価,0,1,"終値 1,569.00 / 5MA 1,714.00",株価が5MA以下,False,False,0,×,② 日足5MAの傾きが正,0,1,5MA傾き -27.60,短期線が下向き/横ばい未満,False,False,0,×,③ 日足5MA＞25MA,0,1,"5MA 1,714.00 / 25MA 1,766.44",5MAが25MA以下,False,True,5,○,④★ 週足13MA＞26MA＞52MA,5,5,"13MA 1,750.40 / 26MA 1,682.58 / 52MA 1,381.82",週足の上昇配列,True,False,0,×,⑤★ 週足13MAの傾きが正,0,5,週13MA傾き -14.72,週足13MAが下向き/判定不可,True,True,1,○,⑥ 13MAの＋乖離率10％以下,1,1,13MA乖離 -10.36%,過熱が10%以内,False,True,1,○,⑦ 日足BB +1σ以上 or -1σ以下,1,1,日足BB位置 -2σ以下,±1σ外側で動意あり,False,False,0,×,⑧★ 週足BB条件,0,5,週足BB位置 -2σ〜-1σ / BW 非拡大,週足BB条件が未成立,True,False,0,×,⑨ 日足MACD GC後 or 乖離,0,1,MACD -20.8879 / Signal -6.7730 / Hist -14.1149,日足MACDが弱い,False,False,0,×,⑩★ 週足MACD GC後,0,5,週MACD 83.5446 / Signal 117.6278,週足MACDがGC未達,True,False,0,×,⑪ 日足RSI 10以下 or 60以上,0,1,日足RSI 30.47,RSIが中立圏,False,False,0,×,⑫ 週足RSI 10以下 or 60以上,0,1,週足RSI 46.28,週足RSIが中立圏,False,False,0,×,⑬ 日足一目均衡表の雲より株価が上,0,1,"日足雲上限 1,767.19 / 乖離 -11.21%",日足で雲上未達,False,True,5,○,⑭★ 週足一目均衡表の雲より株価が上,5,5,"週足雲上限 1,368.20 / 乖離 +14.68%",週足で雲上,True,,,,,,決算予定未取得,JQUANTS_API_KEY未設定のため決算予定日を取得していません,68090
24,212A,212A.T,フィットイージー,2026-05-08,2026-05-08,2505.0,2505.0,11,34,32.4,7,1,False,① 日足5MA＜株価 / ② 日足5MAの傾きが正 / ③ 日足5MA＞25MA / ⑤★ 週足13MAの傾きが正 / ⑥ 13MAの＋乖離率10％以下 / ⑨ 日足MACD GC後 or 乖離 / ⑬ 日足一目均衡表の雲より株価が上,④★ 週足13MA＞26MA＞52MA / ⑧★ 週足BB条件 / ⑩★ 週足MACD GC後 / ⑭★ 週足一目均衡表の雲より株価が上,https://kabutan.jp/stock/?code=212A,雲中/雲下/判定不可,2457.6,2362.78,8.0,2421.87,2481.68,2476.23,4.68,3.43,中心線〜+1σ,2508.47,2323.63,中心線〜+1σ,2613.97,2754.01,0.2264,0.238,False,57.54,51.99,37.5908,33.6494,3.9413,-23.003,-22.9346,-0.0684,2456.59,2343.04,1.97,2756.13,2352.65,-9.11,2026-05-10 13:46:17+0900,True,1,○,① 日足5MA＜株価,1,1,"終値 2,505.00 / 5MA 2,457.60",株価が短期平均線を上回る,False,True,1,○,② 日足5MAの傾きが正,1,1,5MA傾き 8.00,短期線が上向き,False,True,1,○,③ 日足5MA＞25MA,1,1,"5MA 2,457.60 / 25MA 2,362.78",短期線が中期線を上回る,False,False,0,×,④★ 週足13MA＞26MA＞52MA,0,5,"13MA 2,421.87 / 26MA 2,481.68 / 52MA 2,476.23",週足MA配列が未成立,True,True,5,○,⑤★ 週足13MAの傾きが正,5,5,週13MA傾き 4.68,週足13MAが上向き,True,True,1,○,⑥ 13MAの＋乖離率10％以下,1,1,13MA乖離 +3.43%,過熱が10%以内,False,False,0,×,⑦ 日足BB +1σ以上 or -1σ以下,0,1,日足BB位置 中心線〜+1σ,±1σ内で動意は限定的,False,False,0,×,⑧★ 週足BB条件,0,5,週足BB位置 中心線〜+1σ / BW 非拡大,週足BB条件が未成立,True,True,1,○,⑨ 日足MACD GC後 or 乖離,1,1,MACD 37.5908 / Signal 33.6494 / Hist 3.9413,日足MACDは改善傾向,False,False,0,×,⑩★ 週足MACD GC後,0,5,週MACD -23.0030 / Signal -22.9346,週足MACDがGC未達,True,False,0,×,⑪ 日足RSI 10以下 or 60以上,0,1,日足RSI 57.54,RSIが中立圏,False,False,0,×,⑫ 週足RSI 10以下 or 60以上,0,1,週足RSI 51.99,週足RSIが中立圏,False,True,1,○,⑬ 日足一目均衡表の雲より株価が上,1,1,"日足雲上限 2,456.59 / 乖離 +1.97%",日足で雲上,False,False,0,×,⑭★ 週足一目均衡表の雲より株価が上,0,5,"週足雲上限 2,756.13 / 乖離 -9.11%",週足で雲上未達,True,,,,,,決算予定未取得,JQUANTS_API_KEY未設定のため決算予定日を取得していません,212A0
25,4168,4168.T,ヤプリ,2026-05-08,2026-05-08,728.0,728.0,11,34,32.4,7,1,False,① 日足5MA＜株価 / ② 日足5MAの傾きが正 / ③ 日足5MA＞25MA / ⑥ 13MAの＋乖離率10％以下 / ⑦ 日足BB +1σ以上 or -1σ以下 / ⑨ 日足MACD GC後 or 乖離 / ⑩★ 週足MACD GC後,④★ 週足13MA＞26MA＞52MA / ⑤★ 週足13MAの傾きが正 / ⑧★ 週足BB条件 / ⑭★ 週足一目均衡表の雲より株価が上,https://kabutan.jp/stock/?code=4168,雲中/雲下/判定不可,711.4,706.68,3.8,717.69,795.2,857.55,-6.62,1.44,+1σ〜+2σ,724.72,697.38,-1σ〜中心線,819.97,880.9,0.3211,0.3283,False,56.73,42.05,1.0728,-0.1938,1.2666,-47.6672,-48.8064,1.1392,761.0,702.0,-4.34,1002.05,923.57,-27.35,2026-05-10 13:46:19+0900,True,1,○,① 日足5MA＜株価,1,1,終値 728.00 / 5MA 711.40,株価が短期平均線を上回る,False,True,1,○,② 日足5MAの傾きが正,1,1,5MA傾き 3.80,短期線が上向き,False,True,1,○,③ 日足5MA＞25MA,1,1,5MA 711.40 / 25MA 706.68,短期線が中期線を上回る,False,False,0,×,④★ 週足13MA＞26MA＞52MA,0,5,13MA 717.69 / 26MA 795.20 / 52MA 857.55,週足MA配列が未成立,True,False,0,×,⑤★ 週足13MAの傾きが正,0,5,週13MA傾き -6.62,週足13MAが下向き/判定不可,True,True,1,○,⑥ 13MAの＋乖離率10％以下,1,1,13MA乖離 +1.44%,過熱が10%以内,False,True,1,○,⑦ 日足BB +1σ以上 or -1σ以下,1,1,日足BB位置 +1σ〜+2σ,±1σ外側で動意あり,False,False,0,×,⑧★ 週足BB条件,0,5,週足BB位置 -1σ〜中心線 / BW 非拡大,週足BB条件が未成立,True,True,1,○,⑨ 日足MACD GC後 or 乖離,1,1,MACD 1.0728 / Signal -0.1938 / Hist 1.2666,日足MACDは改善傾向,False,True,5,○,⑩★ 週足MACD GC後,5,5,週MACD -47.6672 / Signal -48.8064,週足MACDがGC後,True,False,0,×,⑪ 日足RSI 10以下 or 60以上,0,1,日足RSI 56.73,RSIが中立圏,False,False,0,×,⑫ 週足RSI 10以下 or 60以上,0,1,週足RSI 42.05,週足RSIが中立圏,False,False,0,×,⑬ 日足一目均衡表の雲より株価が上,0,1,日足雲上限 761.00 / 乖離 -4.34%,日足で雲上未達,False,False,0,×,⑭★ 週足一目均衡表の雲より株価が上,0,5,"週足雲上限 1,002.05 / 乖離 -27.35%",週足で雲上未達,True,,,,,,決算予定未取得,JQUANTS_API_KEY未設定のため決算予定日を取得していません,41680
26,9211,9211.T,エフ・コード,2026-05-08,2026-05-08,1548.0,1548.0,10,34,29.4,6,1,False,① 日足5MA＜株価 / ② 日足5MAの傾きが正 / ⑥ 13MAの＋乖離率10％以下 / ⑨ 日足MACD GC後 or 乖離 / ⑩★ 週足MACD GC後 / ⑬ 日足一目均衡表の雲より株価が上,④★ 週足13MA＞26MA＞52MA / ⑤★ 週足13MAの傾きが正 / ⑧★ 週足BB条件 / ⑭★ 週足一目均衡表の雲より株価が上,https://kabutan.jp/stock/?code=9211,雲中/雲下/判定不可,1499.6,1514.16,16.0,1533.92,1553.35,1881.13,-5.38,0.92,中心線〜+1σ,1567.25,1476.95,中心線〜+1σ,1596.7,1653.99,0.1489,0.1628,False,54.16,46.15,-5.9672,-6.7713,0.8041,-77.7632,-92.1961,14.433,1528.0,1505.5,1.31,2242.0,2025.0,-30.95,2026-05-10 13:46:20+0900,True,1,○,① 日足5MA＜株価,1,1,"終値 1,548.00 / 5MA 1,499.60",株価が短期平均線を上回る,False,True,1,○,② 日足5MAの傾きが正,1,1,5MA傾き 16.00,短期線が上向き,False,False,0,×,③ 日足5MA＞25MA,0,1,"5MA 1,499.60 / 25MA 1,514.16",5MAが25MA以下,False,False,0,×,④★ 週足13MA＞26MA＞52MA,0,5,"13MA 1,533.92 / 26MA 1,553.35 / 52MA 1,881.13",週足MA配列が未成立,True,False,0,×,⑤★ 週足13MAの傾きが正,0,5,週13MA傾き -5.38,週足13MAが下向き/判定不可,True,True,1,○,⑥ 13MAの＋乖離率10％以下,1,1,13MA乖離 +0.92%,過熱が10%以内,False,False,0,×,⑦ 日足BB +1σ以上 or -1σ以下,0,1,日足BB位置 中心線〜+1σ,±1σ内で動意は限定的,False,False,0,×,⑧★ 週足BB条件,0,5,週足BB位置 中心線〜+1σ / BW 非拡大,週足BB条件が未成立,True,True,1,○,⑨ 日足MACD GC後 or 乖離,1,1,MACD -5.9672 / Signal -6.7713 / Hist 0.8041,日足MACDは改善傾向,False,True,5,○,⑩★ 週足MACD GC後,5,5,週MACD -77.7632 / Signal -92.1961,週足MACDがGC後,True,False,0,×,⑪ 日足RSI 10以下 or 60以上,0,1,日足RSI 54.16,RSIが中立圏,False,False,0,×,⑫ 週足RSI 10以下 or 60以上,0,1,週足RSI 46.15,週足RSIが中立圏,False,True,1,○,⑬ 日足一目均衡表の雲より株価が上,1,1,"日足雲上限 1,528.00 / 乖離 +1.31%",日足で雲上,False,False,0,×,⑭★ 週足一目均衡表の雲より株価が上,0,5,"週足雲上限 2,242.00 / 乖離 -30.95%",週足で雲上未達,True,,,,,,決算予定未取得,JQUANTS_API_KEY未設定のため決算予定日を取得していません,92110
27,5870,5870.T,ナルネットコミュニケーションズ,2026-05-08,2026-05-08,1006.0,1006.0,9,34,26.5,5,1,False,① 日足5MA＜株価 / ② 日足5MAの傾きが正 / ⑥ 13MAの＋乖離率10％以下 / ⑨ 日足MACD GC後 or 乖離 / ⑭★ 週足一目均衡表の雲より株価が上,④★ 週足13MA＞26MA＞52MA / ⑤★ 週足13MAの傾きが正 / ⑧★ 週足BB条件 / ⑩★ 週足MACD GC後,https://kabutan.jp/stock/?code=5870,雲上,993.2,1005.76,3.4,1015.56,1033.72,913.99,-0.33,-0.94,-1σ〜中心線,1029.06,991.04,-1σ〜中心線,1090.37,1141.89,0.1983,0.199,False,49.3,51.46,-6.6637,-5.9166,-0.7472,15.9875,30.913,-14.9255,1041.88,1035.56,-3.44,873.51,742.12,15.17,2026-05-10 13:46:19+0900,True,1,○,① 日足5MA＜株価,1,1,"終値 1,006.00 / 5MA 993.20",株価が短期平均線を上回る,False,True,1,○,② 日足5MAの傾きが正,1,1,5MA傾き 3.40,短期線が上向き,False,False,0,×,③ 日足5MA＞25MA,0,1,"5MA 993.20 / 25MA 1,005.76",5MAが25MA以下,False,False,0,×,④★ 週足13MA＞26MA＞52MA,0,5,"13MA 1,015.56 / 26MA 1,033.72 / 52MA 913.99",週足MA配列が未成立,True,False,0,×,⑤★ 週足13MAの傾きが正,0,5,週13MA傾き -0.33,週足13MAが下向き/判定不可,True,True,1,○,⑥ 13MAの＋乖離率10％以下,1,1,13MA乖離 -0.94%,過熱が10%以内,False,False,0,×,⑦ 日足BB +1σ以上 or -1σ以下,0,1,日足BB位置 -1σ〜中心線,±1σ内で動意は限定的,False,False,0,×,⑧★ 週足BB条件,0,5,週足BB位置 -1σ〜中心線 / BW 非拡大,週足BB条件が未成立,True,True,1,○,⑨ 日足MACD GC後 or 乖離,1,1,MACD -6.6637 / Signal -5.9166 / Hist -0.7472,日足MACDは改善傾向,False,False,0,×,⑩★ 週足MACD GC後,0,5,週MACD 15.9875 / Signal 30.9130,週足MACDがGC未達,True,False,0,×,⑪ 日足RSI 10以下 or 60以上,0,1,日足RSI 49.30,RSIが中立圏,False,False,0,×,⑫ 週足RSI 10以下 or 60以上,0,1,週足RSI 51.46,週足RSIが中立圏,False,False,0,×,⑬ 日足一目均衡表の雲より株価が上,0,1,"日足雲上限 1,041.88 / 乖離 -3.44%",日足で雲上未達,False,True,5,○,⑭★ 週足一目均衡表の雲より株価が上,5,5,週足雲上限 873.51 / 乖離 +15.17%,週足で雲上,True,,,,,,決算予定未取得,JQUANTS_API_KEY未設定のため決算予定日を取得していません,58700
28,5582,5582.T,グリッド,2026-05-08,2026-05-08,2452.0,2452.0,9,34,26.5,5,1,False,① 日足5MA＜株価 / ② 日足5MAの傾きが正 / ⑤★ 週足13MAの傾きが正 / ⑥ 13MAの＋乖離率10％以下 / ⑨ 日足MACD GC後 or 乖離,④★ 週足13MA＞26MA＞52MA / ⑧★ 週足BB条件 / ⑩★ 週足MACD GC後 / ⑭★ 週足一目均衡表の雲より株価が上,https://kabutan.jp/stock/?code=5582,雲中/雲下/判定不可,2393.0,2397.64,16.8,2406.54,2564.69,2541.71,2.15,1.89,中心線〜+1σ,2463.51,2372.69,-1σ〜中心線,2580.0,2691.55,0.1808,0.1942,False,55.24,48.52,-1.247,-0.7909,-0.4561,-54.4693,-51.203,-3.2663,2493.0,2401.5,-1.64,2608.0,2431.5,-5.98,2026-05-10 13:46:24+0900,True,1,○,① 日足5MA＜株価,1,1,"終値 2,452.00 / 5MA 2,393.00",株価が短期平均線を上回る,False,True,1,○,② 日足5MAの傾きが正,1,1,5MA傾き 16.80,短期線が上向き,False,False,0,×,③ 日足5MA＞25MA,0,1,"5MA 2,393.00 / 25MA 2,397.64",5MAが25MA以下,False,False,0,×,④★ 週足13MA＞26MA＞52MA,0,5,"13MA 2,406.54 / 26MA 2,564.69 / 52MA 2,541.71",週足MA配列が未成立,True,True,5,○,⑤★ 週足13MAの傾きが正,5,5,週13MA傾き 2.15,週足13MAが上向き,True,True,1,○,⑥ 13MAの＋乖離率10％以下,1,1,13MA乖離 +1.89%,過熱が10%以内,False,False,0,×,⑦ 日足BB +1σ以上 or -1σ以下,0,1,日足BB位置 中心線〜+1σ,±1σ内で動意は限定的,False,False,0,×,⑧★ 週足BB条件,0,5,週足BB位置 -1σ〜中心線 / BW 非拡大,週足BB条件が未成立,True,True,1,○,⑨ 日足MACD GC後 or 乖離,1,1,MACD -1.2470 / Signal -0.7909 / Hist -0.4561,日足MACDは改善傾向,False,False,0,×,⑩★ 週足MACD GC後,0,5,週MACD -54.4693 / Signal -51.2030,週足MACDがGC未達,True,False,0,×,⑪ 日足RSI 10以下 or 60以上,0,1,日足RSI 55.24,RSIが中立圏,False,False,0,×,⑫ 週足RSI 10以下 or 60以上,0,1,週足RSI 48.52,週足RSIが中立圏,False,False,0,×,⑬ 日足一目均衡表の雲より株価が上,0,1,"日足雲上限 2,493.00 / 乖離 -1.64%",日足で雲上未達,False,False,0,×,⑭★ 週足一目均衡表の雲より株価が上,0,5,"週足雲上限 2,608.00 / 乖離 -5.98%",週足で雲上未達,True,,,,,,決算予定未取得,JQUANTS_API_KEY未設定のため決算予定日を取得していません,55820
29,3089,3089.T,テクノアルファ,2026-05-08,2026-05-08,1055.0,1055.0,9,34,26.5,5,1,False,① 日足5MA＜株価 / ② 日足5MAの傾きが正 / ⑥ 13MAの＋乖離率10％以下 / ⑧★ 週足BB条件 / ⑨ 日足MACD GC後 or 乖離,④★ 週足13MA＞26MA＞52MA / ⑤★ 週足13MAの傾きが正 / ⑩★ 週足MACD GC後 / ⑭★ 週足一目均衡表の雲より株価が上,https://kabutan.jp/stock/?code=3089,雲中/雲下/判定不可,1053.2,1074.2,3.0,1130.31,1215.92,1107.71,-15.23,-6.66,-1σ〜中心線,1105.06,1053.14,-2σ〜-1σ,1320.49,1443.22,0.4099,0.4054,True,42.8,39.79,-18.0413,-18.3404,0.2991,-33.8895,-7.6116,-26.2779,1237.0,1142.25,-14.71,1170.0,1123.86,-9.83,2026-05-10 13:46:21+0900,True,1,○,① 日足5MA＜株価,1,1,"終値 1,055.00 / 5MA 1,053.20",株価が短期平均線を上回る,False,True,1,○,② 日足5MAの傾きが正,1,1,5MA傾き 3.00,短期線が上向き,False,False,0,×,③ 日足5MA＞25MA,0,1,"5MA 1,053.20 / 25MA 1,074.20",5MAが25MA以下,False,False,0,×,④★ 週足13MA＞26MA＞52MA,0,5,"13MA 1,130.31 / 26MA 1,215.92 / 52MA 1,107.71",週足MA配列が未成立,True,False,0,×,⑤★ 週足13MAの傾きが正,0,5,週13MA傾き -15.23,週足13MAが下向き/判定不可,True,True,1,○,⑥ 13MAの＋乖離率10％以下,1,1,13MA乖離 -6.66%,過熱が10%以内,False,False,0,×,⑦ 日足BB +1σ以上 or -1σ以下,0,1,日足BB位置 -1σ〜中心線,±1σ内で動意は限定的,False,True,5,○,⑧★ 週足BB条件,5,5,週足BB位置 -2σ〜-1σ / BW 拡大,週足BB条件内,True,True,1,○,⑨ 日足MACD GC後 or 乖離,1,1,MACD -18.0413 / Signal -18.3404 / Hist 0.2991,日足MACDは改善傾向,False,False,0,×,⑩★ 週足MACD GC後,0,5,週MACD -33.8895 / Signal -7.6116,週足MACDがGC未達,True,False,0,×,⑪ 日足RSI 10以下 or 60以上,0,1,日足RSI 42.80,RSIが中立圏,False,False,0,×,⑫ 週足RSI 10以下 or 60以上,0,1,週足RSI 39.79,週足RSIが中立圏,False,False,0,×,⑬ 日足一目均衡表の雲より株価が上,0,1,"日足雲上限 1,237.00 / 乖離 -14.71%",日足で雲上未達,False,False,0,×,⑭★ 週足一目均衡表の雲より株価が上,0,5,"週足雲上限 1,170.00 / 乖離 -9.83%",週足で雲上未達,True,,,,,,決算予定未取得,JQUANTS_API_KEY未設定のため決算予定日を取得していません,30890
30,5570,5570.T,ジェノバ,2026-05-08,2026-05-08,674.0,674.0,9,34,26.5,5,1,False,① 日足5MA＜株価 / ② 日足5MAの傾きが正 / ⑥ 13MAの＋乖離率10％以下 / ⑧★ 週足BB条件 / ⑨ 日足MACD GC後 or 乖離,④★ 週足13MA＞26MA＞52MA / ⑤★ 週足13MAの傾きが正 / ⑩★ 週足MACD GC後 / ⑭★ 週足一目均衡表の雲より株価が上,https://kabutan.jp/stock/?code=5570,雲中/雲下/判定不可,663.6,667.36,3.0,675.23,688.88,705.18,-3.54,-0.18,中心線〜+1σ,677.79,660.01,-1σ〜中心線,713.18,737.7,0.1425,0.1425,True,52.46,46.24,-1.7775,-1.6231,-0.1544,-12.4187,-10.7167,-1.7019,694.0,669.5,-2.88,768.09,706.27,-12.25,2026-05-10 13:46:18+0900,True,1,○,① 日足5MA＜株価,1,1,終値 674.00 / 5MA 663.60,株価が短期平均線を上回る,False,True,1,○,② 日足5MAの傾きが正,1,1,5MA傾き 3.00,短期線が上向き,False,False,0,×,③ 日足5MA＞25MA,0,1,5MA 663.60 / 25MA 667.36,5MAが25MA以下,False,False,0,×,④★ 週足13MA＞26MA＞52MA,0,5,13MA 675.23 / 26MA 688.88 / 52MA 705.18,週足MA配列が未成立,True,False,0,×,⑤★ 週足13MAの傾きが正,0,5,週13MA傾き -3.54,週足13MAが下向き/判定不可,True,True,1,○,⑥ 13MAの＋乖離率10％以下,1,1,13MA乖離 -0.18%,過熱が10%以内,False,False,0,×,⑦ 日足BB +1σ以上 or -1σ以下,0,1,日足BB位置 中心線〜+1σ,±1σ内で動意は限定的,False,True,5,○,⑧★ 週足BB条件,5,5,週足BB位置 -1σ〜中心線 / BW 拡大,週足BB条件内,True,True,1,○,⑨ 日足MACD GC後 or 乖離,1,1,MACD -1.7775 / Signal -1.6231 / Hist -0.1544,日足MACDは改善傾向,False,False,0,×,⑩★ 週足MACD GC後,0,5,週MACD -12.4187 / Signal -10.7167,週足MACDがGC未達,True,False,0,×,⑪ 日足RSI 10以下 or 60以上,0,1,日足RSI 52.46,RSIが中立圏,False,False,0,×,⑫ 週足RSI 10以下 or 60以上,0,1,週足RSI 46.24,週足RSIが中立圏,False,False,0,×,⑬ 日足一目均衡表の雲より株価が上,0,1,日足雲上限 694.00 / 乖離 -2.88%,日足で雲上未達,False,False,0,×,⑭★ 週足一目均衡表の雲より株価が上,0,5,週足雲上限 768.09 / 乖離 -12.25%,週足で雲上未達,True,,,,,,決算予定未取得,JQUANTS_API_KEY未設定のため決算予定日を取得していません,55700
31,5843,5843.T,ニッポンインシュア,2026-05-08,2026-05-08,2298.0,2298.0,9,34,26.5,5,1,False,② 日足5MAの傾きが正 / ⑥ 13MAの＋乖離率10％以下 / ⑦ 日足BB +1σ以上 or -1σ以下 / ⑧★ 週足BB条件 / ⑨ 日足MACD GC後 or 乖離,④★ 週足13MA＞26MA＞52MA / ⑤★ 週足13MAの傾きが正 / ⑩★ 週足MACD GC後 / ⑭★ 週足一目均衡表の雲より株価が上,https://kabutan.jp/stock/?code=5843,雲中/雲下/判定不可,2304.4,2327.08,1.8,2424.08,2534.31,2528.05,-2.46,-5.2,-2σ〜-1σ,2368.04,2301.16,-2σ〜-1σ,2589.54,2722.98,0.2173,0.2158,True,44.38,40.34,-23.0524,-22.9551,-0.0973,-74.8918,-46.7444,-28.1474,2503.5,2433.25,-8.21,2766.48,2128.83,-16.93,2026-05-10 13:46:20+0900,False,0,×,① 日足5MA＜株価,0,1,"終値 2,298.00 / 5MA 2,304.40",株価が5MA以下,False,True,1,○,② 日足5MAの傾きが正,1,1,5MA傾き 1.80,短期線が上向き,False,False,0,×,③ 日足5MA＞25MA,0,1,"5MA 2,304.40 / 25MA 2,327.08",5MAが25MA以下,False,False,0,×,④★ 週足13MA＞26MA＞52MA,0,5,"13MA 2,424.08 / 26MA 2,534.31 / 52MA 2,528.05",週足MA配列が未成立,True,False,0,×,⑤★ 週足13MAの傾きが正,0,5,週13MA傾き -2.46,週足13MAが下向き/判定不可,True,True,1,○,⑥ 13MAの＋乖離率10％以下,1,1,13MA乖離 -5.20%,過熱が10%以内,False,True,1,○,⑦ 日足BB +1σ以上 or -1σ以下,1,1,日足BB位置 -2σ〜-1σ,±1σ外側で動意あり,False,True,5,○,⑧★ 週足BB条件,5,5,週足BB位置 -2σ〜-1σ / BW 拡大,週足BB条件内,True,True,1,○,⑨ 日足MACD GC後 or 乖離,1,1,MACD -23.0524 / Signal -22.9551 / Hist -0.0973,日足MACDは改善傾向,False,False,0,×,⑩★ 週足MACD GC後,0,5,週MACD -74.8918 / Signal -46.7444,週足MACDがGC未達,True,False,0,×,⑪ 日足RSI 10以下 or 60以上,0,1,日足RSI 44.38,RSIが中立圏,False,False,0,×,⑫ 週足RSI 10以下 or 60以上,0,1,週足RSI 40.34,週足RSIが中立圏,False,False,0,×,⑬ 日足一目均衡表の雲より株価が上,0,1,"日足雲上限 2,503.50 / 乖離 -8.21%",日足で雲上未達,False,False,0,×,⑭★ 週足一目均衡表の雲より株価が上,0,5,"週足雲上限 2,766.48 / 乖離 -16.93%",週足で雲上未達,True,,,,,,決算予定未取得,JQUANTS_API_KEY未設定のため決算予定日を取得していません,58430
32,6538,6538.T,ディスラプターズ,2026-05-08,2026-05-08,237.0,237.0,9,34,26.5,5,1,False,① 日足5MA＜株価 / ② 日足5MAの傾きが正 / ⑥ 13MAの＋乖離率10％以下 / ⑧★ 週足BB条件 / ⑨ 日足MACD GC後 or 乖離,④★ 週足13MA＞26MA＞52MA / ⑤★ 週足13MAの傾きが正 / ⑩★ 週足MACD GC後 / ⑭★ 週足一目均衡表の雲より株価が上,https://kabutan.jp/stock/?code=6538,雲中/雲下/判定不可,235.4,240.64,0.8,262.22,302.96,275.6,-7.4,-9.62,-1σ〜中心線,246.46,234.24,-2σ〜-1σ,341.32,389.98,0.6651,0.6603,True,42.46,34.2,-6.2326,-7.3792,1.1466,-18.034,-8.5058,-9.5282,304.8,271.24,-22.25,287.46,240.72,-17.55,2026-05-10 13:46:24+0900,True,1,○,① 日足5MA＜株価,1,1,終値 237.00 / 5MA 235.40,株価が短期平均線を上回る,False,True,1,○,② 日足5MAの傾きが正,1,1,5MA傾き 0.80,短期線が上向き,False,False,0,×,③ 日足5MA＞25MA,0,1,5MA 235.40 / 25MA 240.64,5MAが25MA以下,False,False,0,×,④★ 週足13MA＞26MA＞52MA,0,5,13MA 262.22 / 26MA 302.96 / 52MA 275.60,週足MA配列が未成立,True,False,0,×,⑤★ 週足13MAの傾きが正,0,5,週13MA傾き -7.40,週足13MAが下向き/判定不可,True,True,1,○,⑥ 13MAの＋乖離率10％以下,1,1,13MA乖離 -9.62%,過熱が10%以内,False,False,0,×,⑦ 日足BB +1σ以上 or -1σ以下,0,1,日足BB位置 -1σ〜中心線,±1σ内で動意は限定的,False,True,5,○,⑧★ 週足BB条件,5,5,週足BB位置 -2σ〜-1σ / BW 拡大,週足BB条件内,True,True,1,○,⑨ 日足MACD GC後 or 乖離,1,1,MACD -6.2326 / Signal -7.3792 / Hist 1.1466,日足MACDは改善傾向,False,False,0,×,⑩★ 週足MACD GC後,0,5,週MACD -18.0340 / Signal -8.5058,週足MACDがGC未達,True,False,0,×,⑪ 日足RSI 10以下 or 60以上,0,1,日足RSI 42.46,RSIが中立圏,False,False,0,×,⑫ 週足RSI 10以下 or 60以上,0,1,週足RSI 34.20,週足RSIが中立圏,False,False,0,×,⑬ 日足一目均衡表の雲より株価が上,0,1,日足雲上限 304.80 / 乖離 -22.25%,日足で雲上未達,False,False,0,×,⑭★ 週足一目均衡表の雲より株価が上,0,5,週足雲上限 287.46 / 乖離 -17.55%,週足で雲上未達,True,,,,,,決算予定未取得,JQUANTS_API_KEY未設定のため決算予定日を取得していません,65380
33,339A,339A.T,プログレス・テクノロジーズ　グループ,2026-05-08,2026-05-08,1043.0,1043.0,9,34,26.5,5,1,False,① 日足5MA＜株価 / ② 日足5MAの傾きが正 / ⑥ 13MAの＋乖離率10％以下 / ⑧★ 週足BB条件 / ⑨ 日足MACD GC後 or 乖離,④★ 週足13MA＞26MA＞52MA / ⑤★ 週足13MAの傾きが正 / ⑩★ 週足MACD GC後 / ⑭★ 週足一目均衡表の雲より株価が上,https://kabutan.jp/stock/?code=339A,雲中/雲下/判定不可,1035.8,1204.64,5.8,1307.04,1272.01,1283.42,-33.42,-20.2,-1σ〜中心線,1290.6,1036.7,-2σ〜-1σ,1483.25,1642.74,0.4819,0.4682,True,29.47,30.86,-90.4182,-84.344,-6.0741,-44.9353,1.0516,-45.987,1436.5,1368.91,-27.39,1268.69,1268.69,-17.79,2026-05-10 13:46:21+0900,True,1,○,① 日足5MA＜株価,1,1,"終値 1,043.00 / 5MA 1,035.80",株価が短期平均線を上回る,False,True,1,○,② 日足5MAの傾きが正,1,1,5MA傾き 5.80,短期線が上向き,False,False,0,×,③ 日足5MA＞25MA,0,1,"5MA 1,035.80 / 25MA 1,204.64",5MAが25MA以下,False,False,0,×,④★ 週足13MA＞26MA＞52MA,0,5,"13MA 1,307.04 / 26MA 1,272.01 / 52MA 1,283.42",週足MA配列が未成立,True,False,0,×,⑤★ 週足13MAの傾きが正,0,5,週13MA傾き -33.42,週足13MAが下向き/判定不可,True,True,1,○,⑥ 13MAの＋乖離率10％以下,1,1,13MA乖離 -20.20%,過熱が10%以内,False,False,0,×,⑦ 日足BB +1σ以上 or -1σ以下,0,1,日足BB位置 -1σ〜中心線,±1σ内で動意は限定的,False,True,5,○,⑧★ 週足BB条件,5,5,週足BB位置 -2σ〜-1σ / BW 拡大,週足BB条件内,True,True,1,○,⑨ 日足MACD GC後 or 乖離,1,1,MACD -90.4182 / Signal -84.3440 / Hist -6.0741,日足MACDは改善傾向,False,False,0,×,⑩★ 週足MACD GC後,0,5,週MACD -44.9353 / Signal 1.0516,週足MACDがGC未達,True,False,0,×,⑪ 日足RSI 10以下 or 60以上,0,1,日足RSI 29.47,RSIが中立圏,False,False,0,×,⑫ 週足RSI 10以下 or 60以上,0,1,週足RSI 30.86,週足RSIが中立圏,False,False,0,×,⑬ 日足一目均衡表の雲より株価が上,0,1,"日足雲上限 1,436.50 / 乖離 -27.39%",日足で雲上未達,False,False,0,×,⑭★ 週足一目均衡表の雲より株価が上,0,5,"週足雲上限 1,268.69 / 乖離 -17.79%",週足で雲上未達,True,,,,,,決算予定未取得,JQUANTS_API_KEY未設定のため決算予定日を取得していません,339A0
34,4477,4477.T,ＢＡＳＥ,2026-05-08,2026-05-08,291.0,291.0,9,34,26.5,5,1,False,① 日足5MA＜株価 / ② 日足5MAの傾きが正 / ⑥ 13MAの＋乖離率10％以下 / ⑧★ 週足BB条件 / ⑨ 日足MACD GC後 or 乖離,④★ 週足13MA＞26MA＞52MA / ⑤★ 週足13MAの傾きが正 / ⑩★ 週足MACD GC後 / ⑭★ 週足一目均衡表の雲より株価が上,https://kabutan.jp/stock/?code=4477,雲中/雲下/判定不可,288.4,293.72,0.6,299.0,311.29,338.28,-2.46,-2.68,-1σ〜中心線,301.24,288.86,-2σ〜-1σ,325.25,341.6,0.2117,0.2043,True,47.71,41.02,-2.4887,-1.8439,-0.6448,-12.2338,-11.9109,-0.3229,305.5,292.75,-4.75,386.06,357.25,-24.62,2026-05-10 13:46:19+0900,True,1,○,① 日足5MA＜株価,1,1,終値 291.00 / 5MA 288.40,株価が短期平均線を上回る,False,True,1,○,② 日足5MAの傾きが正,1,1,5MA傾き 0.60,短期線が上向き,False,False,0,×,③ 日足5MA＞25MA,0,1,5MA 288.40 / 25MA 293.72,5MAが25MA以下,False,False,0,×,④★ 週足13MA＞26MA＞52MA,0,5,13MA 299.00 / 26MA 311.29 / 52MA 338.28,週足MA配列が未成立,True,False,0,×,⑤★ 週足13MAの傾きが正,0,5,週13MA傾き -2.46,週足13MAが下向き/判定不可,True,True,1,○,⑥ 13MAの＋乖離率10％以下,1,1,13MA乖離 -2.68%,過熱が10%以内,False,False,0,×,⑦ 日足BB +1σ以上 or -1σ以下,0,1,日足BB位置 -1σ〜中心線,±1σ内で動意は限定的,False,True,5,○,⑧★ 週足BB条件,5,5,週足BB位置 -2σ〜-1σ / BW 拡大,週足BB条件内,True,True,1,○,⑨ 日足MACD GC後 or 乖離,1,1,MACD -2.4887 / Signal -1.8439 / Hist -0.6448,日足MACDは改善傾向,False,False,0,×,⑩★ 週足MACD GC後,0,5,週MACD -12.2338 / Signal -11.9109,週足MACDがGC未達,True,False,0,×,⑪ 日足RSI 10以下 or 60以上,0,1,日足RSI 47.71,RSIが中立圏,False,False,0,×,⑫ 週足RSI 10以下 or 60以上,0,1,週足RSI 41.02,週足RSIが中立圏,False,False,0,×,⑬ 日足一目均衡表の雲より株価が上,0,1,日足雲上限 305.50 / 乖離 -4.75%,日足で雲上未達,False,False,0,×,⑭★ 週足一目均衡表の雲より株価が上,0,5,週足雲上限 386.06 / 乖離 -24.62%,週足で雲上未達,True,,,,,,決算予定未取得,JQUANTS_API_KEY未設定のため決算予定日を取得していません,44770
35,7373,7373.T,アイドマ・ホールディングス,2026-05-08,2026-05-08,1262.0,1262.0,9,34,26.5,5,1,False,① 日足5MA＜株価 / ② 日足5MAの傾きが正 / ⑥ 13MAの＋乖離率10％以下 / ⑧★ 週足BB条件 / ⑨ 日足MACD GC後 or 乖離,④★ 週足13MA＞26MA＞52MA / ⑤★ 週足13MAの傾きが正 / ⑩★ 週足MACD GC後 / ⑭★ 週足一目均衡表の雲より株価が上,https://kabutan.jp/stock/?code=7373,雲中/雲下/判定不可,1251.0,1452.4,8.2,1640.0,2189.35,2321.78,-58.08,-23.05,-1σ〜中心線,1574.46,1196.34,-2σ〜-1σ,2545.84,3119.33,1.1631,1.1267,True,33.31,24.26,-126.2985,-130.5453,4.2468,-330.7905,-252.5008,-78.2898,2454.5,1766.75,-48.58,2730.34,2217.28,-53.78,2026-05-10 13:46:18+0900,True,1,○,① 日足5MA＜株価,1,1,"終値 1,262.00 / 5MA 1,251.00",株価が短期平均線を上回る,False,True,1,○,② 日足5MAの傾きが正,1,1,5MA傾き 8.20,短期線が上向き,False,False,0,×,③ 日足5MA＞25MA,0,1,"5MA 1,251.00 / 25MA 1,452.40",5MAが25MA以下,False,False,0,×,④★ 週足13MA＞26MA＞52MA,0,5,"13MA 1,640.00 / 26MA 2,189.35 / 52MA 2,321.78",週足MA配列が未成立,True,False,0,×,⑤★ 週足13MAの傾きが正,0,5,週13MA傾き -58.08,週足13MAが下向き/判定不可,True,True,1,○,⑥ 13MAの＋乖離率10％以下,1,1,13MA乖離 -23.05%,過熱が10%以内,False,False,0,×,⑦ 日足BB +1σ以上 or -1σ以下,0,1,日足BB位置 -1σ〜中心線,±1σ内で動意は限定的,False,True,5,○,⑧★ 週足BB条件,5,5,週足BB位置 -2σ〜-1σ / BW 拡大,週足BB条件内,True,True,1,○,⑨ 日足MACD GC後 or 乖離,1,1,MACD -126.2985 / Signal -130.5453 / Hist 4.2468,日足MACDは改善傾向,False,False,0,×,⑩★ 週足MACD GC後,0,5,週MACD -330.7905 / Signal -252.5008,週足MACDがGC未達,True,False,0,×,⑪ 日足RSI 10以下 or 60以上,0,1,日足RSI 33.31,RSIが中立圏,False,False,0,×,⑫ 週足RSI 10以下 or 60以上,0,1,週足RSI 24.26,週足RSIが中立圏,False,False,0,×,⑬ 日足一目均衡表の雲より株価が上,0,1,"日足雲上限 2,454.50 / 乖離 -48.58%",日足で雲上未達,False,False,0,×,⑭★ 週足一目均衡表の雲より株価が上,0,5,"週足雲上限 2,730.34 / 乖離 -53.78%",週足で雲上未達,True,,,,,,決算予定未取得,JQUANTS_API_KEY未設定のため決算予定日を取得していません,73730
36,4440,4440.T,ヴィッツ,2026-05-08,2026-05-08,1190.0,1190.0,8,34,23.5,4,1,False,① 日足5MA＜株価 / ④★ 週足13MA＞26MA＞52MA / ⑥ 13MAの＋乖離率10％以下 / ⑨ 日足MACD GC後 or 乖離,⑤★ 週足13MAの傾きが正 / ⑧★ 週足BB条件 / ⑩★ 週足MACD GC後 / ⑭★ 週足一目均衡表の雲より株価が上,https://kabutan.jp/stock/?code=4440,雲中/雲下/判定不可,1187.6,1350.52,-3.0,1418.38,1331.96,1284.73,-18.08,-16.1,-1σ〜中心線,1450.31,1153.99,-2σ〜-1σ,1575.27,1739.85,0.4666,0.4804,False,34.82,41.33,-80.6678,-74.8602,-5.8077,8.962,54.7876,-45.8256,1497.75,1451.0,-20.55,1226.78,1098.11,-3.0,2026-05-10 13:46:21+0900,True,1,○,① 日足5MA＜株価,1,1,"終値 1,190.00 / 5MA 1,187.60",株価が短期平均線を上回る,False,False,0,×,② 日足5MAの傾きが正,0,1,5MA傾き -3.00,短期線が下向き/横ばい未満,False,False,0,×,③ 日足5MA＞25MA,0,1,"5MA 1,187.60 / 25MA 1,350.52",5MAが25MA以下,False,True,5,○,④★ 週足13MA＞26MA＞52MA,5,5,"13MA 1,418.38 / 26MA 1,331.96 / 52MA 1,284.73",週足の上昇配列,True,False,0,×,⑤★ 週足13MAの傾きが正,0,5,週13MA傾き -18.08,週足13MAが下向き/判定不可,True,True,1,○,⑥ 13MAの＋乖離率10％以下,1,1,13MA乖離 -16.10%,過熱が10%以内,False,False,0,×,⑦ 日足BB +1σ以上 or -1σ以下,0,1,日足BB位置 -1σ〜中心線,±1σ内で動意は限定的,False,False,0,×,⑧★ 週足BB条件,0,5,週足BB位置 -2σ〜-1σ / BW 非拡大,週足BB条件が未成立,True,True,1,○,⑨ 日足MACD GC後 or 乖離,1,1,MACD -80.6678 / Signal -74.8602 / Hist -5.8077,日足MACDは改善傾向,False,False,0,×,⑩★ 週足MACD GC後,0,5,週MACD 8.9620 / Signal 54.7876,週足MACDがGC未達,True,False,0,×,⑪ 日足RSI 10以下 or 60以上,0,1,日足RSI 34.82,RSIが中立圏,False,False,0,×,⑫ 週足RSI 10以下 or 60以上,0,1,週足RSI 41.33,週足RSIが中立圏,False,False,0,×,⑬ 日足一目均衡表の雲より株価が上,0,1,"日足雲上限 1,497.75 / 乖離 -20.55%",日足で雲上未達,False,False,0,×,⑭★ 週足一目均衡表の雲より株価が上,0,5,"週足雲上限 1,226.78 / 乖離 -3.00%",週足で雲上未達,True,,,,,,決算予定未取得,JQUANTS_API_KEY未設定のため決算予定日を取得していません,44400
37,9166,9166.T,ＧＥＮＤＡ,2026-05-08,2026-05-08,531.0,531.0,8,34,23.5,4,1,False,⑥ 13MAの＋乖離率10％以下 / ⑦ 日足BB +1σ以上 or -1σ以下 / ⑧★ 週足BB条件 / ⑨ 日足MACD GC後 or 乖離,④★ 週足13MA＞26MA＞52MA / ⑤★ 週足13MAの傾きが正 / ⑩★ 週足MACD GC後 / ⑭★ 週足一目均衡表の雲より株価が上,https://kabutan.jp/stock/?code=9166,雲中/雲下/判定不可,535.8,594.68,-4.8,612.77,667.58,767.44,-10.31,-13.34,-2σ〜-1σ,628.58,552.32,-2σ〜-1σ,733.89,812.09,0.477,0.4394,True,35.78,36.54,-22.9685,-14.6959,-8.2726,-62.3943,-58.5793,-3.815,715.5,633.0,-25.79,1104.25,865.75,-51.91,2026-05-10 13:46:17+0900,False,0,×,① 日足5MA＜株価,0,1,終値 531.00 / 5MA 535.80,株価が5MA以下,False,False,0,×,② 日足5MAの傾きが正,0,1,5MA傾き -4.80,短期線が下向き/横ばい未満,False,False,0,×,③ 日足5MA＞25MA,0,1,5MA 535.80 / 25MA 594.68,5MAが25MA以下,False,False,0,×,④★ 週足13MA＞26MA＞52MA,0,5,13MA 612.77 / 26MA 667.58 / 52MA 767.44,週足MA配列が未成立,True,False,0,×,⑤★ 週足13MAの傾きが正,0,5,週13MA傾き -10.31,週足13MAが下向き/判定不可,True,True,1,○,⑥ 13MAの＋乖離率10％以下,1,1,13MA乖離 -13.34%,過熱が10%以内,False,True,1,○,⑦ 日足BB +1σ以上 or -1σ以下,1,1,日足BB位置 -2σ〜-1σ,±1σ外側で動意あり,False,True,5,○,⑧★ 週足BB条件,5,5,週足BB位置 -2σ〜-1σ / BW 拡大,週足BB条件内,True,True,1,○,⑨ 日足MACD GC後 or 乖離,1,1,MACD -22.9685 / Signal -14.6959 / Hist -8.2726,日足MACDは改善傾向,False,False,0,×,⑩★ 週足MACD GC後,0,5,週MACD -62.3943 / Signal -58.5793,週足MACDがGC未達,True,False,0,×,⑪ 日足RSI 10以下 or 60以上,0,1,日足RSI 35.78,RSIが中立圏,False,False,0,×,⑫ 週足RSI 10以下 or 60以上,0,1,週足RSI 36.54,週足RSIが中立圏,False,False,0,×,⑬ 日足一目均衡表の雲より株価が上,0,1,日足雲上限 715.50 / 乖離 -25.79%,日足で雲上未達,False,False,0,×,⑭★ 週足一目均衡表の雲より株価が上,0,5,"週足雲上限 1,104.25 / 乖離 -51.91%",週足で雲上未達,True,,,,,,決算予定未取得,JQUANTS_API_KEY未設定のため決算予定日を取得していません,91660
38,369A,369A.T,エータイ,2026-05-08,2026-05-08,2496.0,2496.0,8,34,23.5,4,1,False,① 日足5MA＜株価 / ⑥ 13MAの＋乖離率10％以下 / ⑧★ 週足BB条件 / ⑨ 日足MACD GC後 or 乖離,④★ 週足13MA＞26MA＞52MA / ⑤★ 週足13MAの傾きが正 / ⑩★ 週足MACD GC後 / ⑭★ 週足一目均衡表の雲より株価が上,https://kabutan.jp/stock/?code=369A,雲中/雲下/判定不可,2487.6,2493.04,-14.6,2548.84,2816.06,,-8.7,-2.07,-1σ〜中心線,2590.99,2440.31,-1σ〜中心線,3039.07,3357.16,0.4676,0.4655,True,48.48,41.64,-2.2442,4.408,-6.6522,-144.5059,-128.6378,-15.8681,2943.54,2485.64,-15.2,,,,2026-05-10 13:46:18+0900,True,1,○,① 日足5MA＜株価,1,1,"終値 2,496.00 / 5MA 2,487.60",株価が短期平均線を上回る,False,False,0,×,② 日足5MAの傾きが正,0,1,5MA傾き -14.60,短期線が下向き/横ばい未満,False,False,0,×,③ 日足5MA＞25MA,0,1,"5MA 2,487.60 / 25MA 2,493.04",5MAが25MA以下,False,False,0,×,④★ 週足13MA＞26MA＞52MA,0,5,"13MA 2,548.84 / 26MA 2,816.06 / 52MA 判定不可",週足MA配列が未成立,True,False,0,×,⑤★ 週足13MAの傾きが正,0,5,週13MA傾き -8.70,週足13MAが下向き/判定不可,True,True,1,○,⑥ 13MAの＋乖離率10％以下,1,1,13MA乖離 -2.07%,過熱が10%以内,False,False,0,×,⑦ 日足BB +1σ以上 or -1σ以下,0,1,日足BB位置 -1σ〜中心線,±1σ内で動意は限定的,False,True,5,○,⑧★ 週足BB条件,5,5,週足BB位置 -1σ〜中心線 / BW 拡大,週足BB条件内,True,True,1,○,⑨ 日足MACD GC後 or 乖離,1,1,MACD -2.2442 / Signal 4.4080 / Hist -6.6522,日足MACDは改善傾向,False,False,0,×,⑩★ 週足MACD GC後,0,5,週MACD -144.5059 / Signal -128.6378,週足MACDがGC未達,True,False,0,×,⑪ 日足RSI 10以下 or 60以上,0,1,日足RSI 48.48,RSIが中立圏,False,False,0,×,⑫ 週足RSI 10以下 or 60以上,0,1,週足RSI 41.64,週足RSIが中立圏,False,False,0,×,⑬ 日足一目均衡表の雲より株価が上,0,1,"日足雲上限 2,943.54 / 乖離 -15.20%",日足で雲上未達,False,False,0,×,⑭★ 週足一目均衡表の雲より株価が上,0,5,週足雲上限 判定不可 / 乖離 判定不可,週足で雲上未達,True,,,,,,決算予定未取得,JQUANTS_API_KEY未設定のため決算予定日を取得していません,369A0
39,4885,4885.T,室町ケミカル,2026-05-08,2026-05-08,947.0,947.0,7,34,20.6,3,1,False,④★ 週足13MA＞26MA＞52MA / ⑥ 13MAの＋乖離率10％以下 / ⑦ 日足BB +1σ以上 or -1σ以下,⑤★ 週足13MAの傾きが正 / ⑧★ 週足BB条件 / ⑩★ 週足MACD GC後 / ⑭★ 週足一目均衡表の雲より株価が上,https://kabutan.jp/stock/?code=4885,雲中/雲下/判定不可,961.4,1012.68,-7.4,1069.85,957.54,861.32,-14.0,-11.48,-2σ〜-1σ,1043.12,972.98,-1σ〜中心線,1145.9,1270.29,0.4871,0.5159,False,38.55,48.25,-25.6249,-21.1981,-4.4269,39.0726,63.4802,-24.4076,1107.0,1100.5,-14.45,949.29,760.19,-0.24,2026-05-10 13:46:21+0900,False,0,×,① 日足5MA＜株価,0,1,終値 947.00 / 5MA 961.40,株価が5MA以下,False,False,0,×,② 日足5MAの傾きが正,0,1,5MA傾き -7.40,短期線が下向き/横ばい未満,False,False,0,×,③ 日足5MA＞25MA,0,1,"5MA 961.40 / 25MA 1,012.68",5MAが25MA以下,False,True,5,○,④★ 週足13MA＞26MA＞52MA,5,5,"13MA 1,069.85 / 26MA 957.54 / 52MA 861.32",週足の上昇配列,True,False,0,×,⑤★ 週足13MAの傾きが正,0,5,週13MA傾き -14.00,週足13MAが下向き/判定不可,True,True,1,○,⑥ 13MAの＋乖離率10％以下,1,1,13MA乖離 -11.48%,過熱が10%以内,False,True,1,○,⑦ 日足BB +1σ以上 or -1σ以下,1,1,日足BB位置 -2σ〜-1σ,±1σ外側で動意あり,False,False,0,×,⑧★ 週足BB条件,0,5,週足BB位置 -1σ〜中心線 / BW 非拡大,週足BB条件が未成立,True,False,0,×,⑨ 日足MACD GC後 or 乖離,0,1,MACD -25.6249 / Signal -21.1981 / Hist -4.4269,日足MACDが弱い,False,False,0,×,⑩★ 週足MACD GC後,0,5,週MACD 39.0726 / Signal 63.4802,週足MACDがGC未達,True,False,0,×,⑪ 日足RSI 10以下 or 60以上,0,1,日足RSI 38.55,RSIが中立圏,False,False,0,×,⑫ 週足RSI 10以下 or 60以上,0,1,週足RSI 48.25,週足RSIが中立圏,False,False,0,×,⑬ 日足一目均衡表の雲より株価が上,0,1,"日足雲上限 1,107.00 / 乖離 -14.45%",日足で雲上未達,False,False,0,×,⑭★ 週足一目均衡表の雲より株価が上,0,5,週足雲上限 949.29 / 乖離 -0.24%,週足で雲上未達,True,,,,,,決算予定未取得,JQUANTS_API_KEY未設定のため決算予定日を取得していません,48850
40,6224,6224.T,ＪＲＣ,2026-05-08,2026-05-08,1293.0,1293.0,7,34,20.6,7,0,False,① 日足5MA＜株価 / ② 日足5MAの傾きが正 / ③ 日足5MA＞25MA / ⑥ 13MAの＋乖離率10％以下 / ⑦ 日足BB +1σ以上 or -1σ以下 / ⑨ 日足MACD GC後 or 乖離 / ⑪ 日足RSI 10以下 or 60以上,④★ 週足13MA＞26MA＞52MA / ⑤★ 週足13MAの傾きが正 / ⑧★ 週足BB条件 / ⑩★ 週足MACD GC後 / ⑭★ 週足一目均衡表の雲より株価が上,https://kabutan.jp/stock/?code=6224,雲中/雲下/判定不可,1229.0,1215.52,17.0,1286.36,1318.47,1344.92,-3.71,0.52,+2σ以上,1249.3,1194.9,-1σ〜中心線,1405.56,1497.4,0.2796,0.2808,False,61.05,49.24,-2.0086,-11.3405,9.3319,-37.1192,-27.3937,-9.7255,1328.86,1264.97,-2.7,1443.86,1304.24,-10.45,2026-05-10 13:46:18+0900,True,1,○,① 日足5MA＜株価,1,1,"終値 1,293.00 / 5MA 1,229.00",株価が短期平均線を上回る,False,True,1,○,② 日足5MAの傾きが正,1,1,5MA傾き 17.00,短期線が上向き,False,True,1,○,③ 日足5MA＞25MA,1,1,"5MA 1,229.00 / 25MA 1,215.52",短期線が中期線を上回る,False,False,0,×,④★ 週足13MA＞26MA＞52MA,0,5,"13MA 1,286.36 / 26MA 1,318.47 / 52MA 1,344.92",週足MA配列が未成立,True,False,0,×,⑤★ 週足13MAの傾きが正,0,5,週13MA傾き -3.71,週足13MAが下向き/判定不可,True,True,1,○,⑥ 13MAの＋乖離率10％以下,1,1,13MA乖離 +0.52%,過熱が10%以内,False,True,1,○,⑦ 日足BB +1σ以上 or -1σ以下,1,1,日足BB位置 +2σ以上,±1σ外側で動意あり,False,False,0,×,⑧★ 週足BB条件,0,5,週足BB位置 -1σ〜中心線 / BW 非拡大,週足BB条件が未成立,True,True,1,○,⑨ 日足MACD GC後 or 乖離,1,1,MACD -2.0086 / Signal -11.3405 / Hist 9.3319,日足MACDは改善傾向,False,False,0,×,⑩★ 週足MACD GC後,0,5,週MACD -37.1192 / Signal -27.3937,週足MACDがGC未達,True,True,1,○,⑪ 日足RSI 10以下 or 60以上,1,1,日足RSI 61.05,RSI条件内,False,False,0,×,⑫ 週足RSI 10以下 or 60以上,0,1,週足RSI 49.24,週足RSIが中立圏,False,False,0,×,⑬ 日足一目均衡表の雲より株価が上,0,1,"日足雲上限 1,328.86 / 乖離 -2.70%",日足で雲上未達,False,False,0,×,⑭★ 週足一目均衡表の雲より株価が上,0,5,"週足雲上限 1,443.86 / 乖離 -10.45%",週足で雲上未達,True,,,,,,決算予定未取得,JQUANTS_API_KEY未設定のため決算予定日を取得していません,62240
41,421A,421A.T,ムービン・ストラテジック・キャリア,2026-05-08,2026-05-08,2304.0,2304.0,5,34,14.7,5,0,False,① 日足5MA＜株価 / ② 日足5MAの傾きが正 / ⑥ 13MAの＋乖離率10％以下 / ⑦ 日足BB +1σ以上 or -1σ以下 / ⑨ 日足MACD GC後 or 乖離,④★ 週足13MA＞26MA＞52MA / ⑤★ 週足13MAの傾きが正 / ⑧★ 週足BB条件 / ⑩★ 週足MACD GC後 / ⑭★ 週足一目均衡表の雲より株価が上,https://kabutan.jp/stock/?code=421A,雲中/雲下/判定不可,2163.6,2186.88,38.8,2192.0,2587.85,,-11.54,5.11,+1σ〜+2σ,2302.88,2124.42,-1σ〜中心線,2759.92,3104.28,0.5703,0.5944,False,56.92,47.48,-0.5554,1.528,-2.0834,-178.2919,,,2416.5,2103.0,-4.66,,,,2026-05-10 13:46:23+0900,True,1,○,① 日足5MA＜株価,1,1,"終値 2,304.00 / 5MA 2,163.60",株価が短期平均線を上回る,False,True,1,○,② 日足5MAの傾きが正,1,1,5MA傾き 38.80,短期線が上向き,False,False,0,×,③ 日足5MA＞25MA,0,1,"5MA 2,163.60 / 25MA 2,186.88",5MAが25MA以下,False,False,0,×,④★ 週足13MA＞26MA＞52MA,0,5,"13MA 2,192.00 / 26MA 2,587.85 / 52MA 判定不可",週足MA配列が未成立,True,False,0,×,⑤★ 週足13MAの傾きが正,0,5,週13MA傾き -11.54,週足13MAが下向き/判定不可,True,True,1,○,⑥ 13MAの＋乖離率10％以下,1,1,13MA乖離 +5.11%,過熱が10%以内,False,True,1,○,⑦ 日足BB +1σ以上 or -1σ以下,1,1,日足BB位置 +1σ〜+2σ,±1σ外側で動意あり,False,False,0,×,⑧★ 週足BB条件,0,5,週足BB位置 -1σ〜中心線 / BW 非拡大,週足BB条件が未成立,True,True,1,○,⑨ 日足MACD GC後 or 乖離,1,1,MACD -0.5554 / Signal 1.5280 / Hist -2.0834,日足MACDは改善傾向,False,False,0,×,⑩★ 週足MACD GC後,0,5,週MACD -178.2919 / Signal 判定不可,週足MACDがGC未達,True,False,0,×,⑪ 日足RSI 10以下 or 60以上,0,1,日足RSI 56.92,RSIが中立圏,False,False,0,×,⑫ 週足RSI 10以下 or 60以上,0,1,週足RSI 47.48,週足RSIが中立圏,False,False,0,×,⑬ 日足一目均衡表の雲より株価が上,0,1,"日足雲上限 2,416.50 / 乖離 -4.66%",日足で雲上未達,False,False,0,×,⑭★ 週足一目均衡表の雲より株価が上,0,5,週足雲上限 判定不可 / 乖離 判定不可,週足で雲上未達,True,,,,,,決算予定未取得,JQUANTS_API_KEY未設定のため決算予定日を取得していません,421A0
42,4495,4495.T,アイキューブドシステムズ,2026-05-08,2026-05-08,2115.0,2115.0,4,34,11.8,4,0,False,① 日足5MA＜株価 / ② 日足5MAの傾きが正 / ⑥ 13MAの＋乖離率10％以下 / ⑨ 日足MACD GC後 or 乖離,④★ 週足13MA＞26MA＞52MA / ⑤★ 週足13MAの傾きが正 / ⑧★ 週足BB条件 / ⑩★ 週足MACD GC後 / ⑭★ 週足一目均衡表の雲より株価が上,https://kabutan.jp/stock/?code=4495,雲中/雲下/判定不可,2017.4,2117.88,15.0,2203.77,2444.3,2262.47,-19.38,-4.03,-1σ〜中心線,2198.16,2039.94,-1σ〜中心線,2651.82,2925.04,0.4595,0.4677,False,49.06,42.24,-44.9421,-39.4405,-5.5016,-81.6493,-32.1704,-49.4789,2526.5,2252.0,-16.29,2289.72,1988.41,-7.63,2026-05-10 13:46:22+0900,True,1,○,① 日足5MA＜株価,1,1,"終値 2,115.00 / 5MA 2,017.40",株価が短期平均線を上回る,False,True,1,○,② 日足5MAの傾きが正,1,1,5MA傾き 15.00,短期線が上向き,False,False,0,×,③ 日足5MA＞25MA,0,1,"5MA 2,017.40 / 25MA 2,117.88",5MAが25MA以下,False,False,0,×,④★ 週足13MA＞26MA＞52MA,0,5,"13MA 2,203.77 / 26MA 2,444.30 / 52MA 2,262.47",週足MA配列が未成立,True,False,0,×,⑤★ 週足13MAの傾きが正,0,5,週13MA傾き -19.38,週足13MAが下向き/判定不可,True,True,1,○,⑥ 13MAの＋乖離率10％以下,1,1,13MA乖離 -4.03%,過熱が10%以内,False,False,0,×,⑦ 日足BB +1σ以上 or -1σ以下,0,1,日足BB位置 -1σ〜中心線,±1σ内で動意は限定的,False,False,0,×,⑧★ 週足BB条件,0,5,週足BB位置 -1σ〜中心線 / BW 非拡大,週足BB条件が未成立,True,True,1,○,⑨ 日足MACD GC後 or 乖離,1,1,MACD -44.9421 / Signal -39.4405 / Hist -5.5016,日足MACDは改善傾向,False,False,0,×,⑩★ 週足MACD GC後,0,5,週MACD -81.6493 / Signal -32.1704,週足MACDがGC未達,True,False,0,×,⑪ 日足RSI 10以下 or 60以上,0,1,日足RSI 49.06,RSIが中立圏,False,False,0,×,⑫ 週足RSI 10以下 or 60以上,0,1,週足RSI 42.24,週足RSIが中立圏,False,False,0,×,⑬ 日足一目均衡表の雲より株価が上,0,1,"日足雲上限 2,526.50 / 乖離 -16.29%",日足で雲上未達,False,False,0,×,⑭★ 週足一目均衡表の雲より株価が上,0,5,"週足雲上限 2,289.72 / 乖離 -7.63%",週足で雲上未達,True,,,,,,決算予定未取得,JQUANTS_API_KEY未設定のため決算予定日を取得していません,44950
43,4374,4374.T,ＲＯＢＯＴ　ＰＡＹＭＥＮＴ,2026-05-08,2026-05-08,2301.0,2301.0,4,34,11.8,4,0,False,① 日足5MA＜株価 / ② 日足5MAの傾きが正 / ⑥ 13MAの＋乖離率10％以下 / ⑨ 日足MACD GC後 or 乖離,④★ 週足13MA＞26MA＞52MA / ⑤★ 週足13MAの傾きが正 / ⑧★ 週足BB条件 / ⑩★ 週足MACD GC後 / ⑭★ 週足一目均衡表の雲より株価が上,https://kabutan.jp/stock/?code=4374,雲中/雲下/判定不可,2269.4,2290.76,17.0,2360.08,2599.39,2665.7,-3.62,-2.5,中心線〜+1σ,2341.29,2238.91,-1σ〜中心線,2720.89,2957.89,0.3816,0.4107,False,49.28,41.27,-32.8884,-38.8291,5.9407,-129.8903,-109.7545,-20.1358,2469.5,2461.75,-6.82,2919.63,2545.14,-21.19,2026-05-10 13:46:23+0900,True,1,○,① 日足5MA＜株価,1,1,"終値 2,301.00 / 5MA 2,269.40",株価が短期平均線を上回る,False,True,1,○,② 日足5MAの傾きが正,1,1,5MA傾き 17.00,短期線が上向き,False,False,0,×,③ 日足5MA＞25MA,0,1,"5MA 2,269.40 / 25MA 2,290.76",5MAが25MA以下,False,False,0,×,④★ 週足13MA＞26MA＞52MA,0,5,"13MA 2,360.08 / 26MA 2,599.39 / 52MA 2,665.70",週足MA配列が未成立,True,False,0,×,⑤★ 週足13MAの傾きが正,0,5,週13MA傾き -3.62,週足13MAが下向き/判定不可,True,True,1,○,⑥ 13MAの＋乖離率10％以下,1,1,13MA乖離 -2.50%,過熱が10%以内,False,False,0,×,⑦ 日足BB +1σ以上 or -1σ以下,0,1,日足BB位置 中心線〜+1σ,±1σ内で動意は限定的,False,False,0,×,⑧★ 週足BB条件,0,5,週足BB位置 -1σ〜中心線 / BW 非拡大,週足BB条件が未成立,True,True,1,○,⑨ 日足MACD GC後 or 乖離,1,1,MACD -32.8884 / Signal -38.8291 / Hist 5.9407,日足MACDは改善傾向,False,False,0,×,⑩★ 週足MACD GC後,0,5,週MACD -129.8903 / Signal -109.7545,週足MACDがGC未達,True,False,0,×,⑪ 日足RSI 10以下 or 60以上,0,1,日足RSI 49.28,RSIが中立圏,False,False,0,×,⑫ 週足RSI 10以下 or 60以上,0,1,週足RSI 41.27,週足RSIが中立圏,False,False,0,×,⑬ 日足一目均衡表の雲より株価が上,0,1,"日足雲上限 2,469.50 / 乖離 -6.82%",日足で雲上未達,False,False,0,×,⑭★ 週足一目均衡表の雲より株価が上,0,5,"週足雲上限 2,919.63 / 乖離 -21.19%",週足で雲上未達,True,,,,,,決算予定未取得,JQUANTS_API_KEY未設定のため決算予定日を取得していません,43740
44,372A,372A.T,レント,2026-05-08,2026-05-08,5660.0,5660.0,4,34,11.8,4,0,False,① 日足5MA＜株価 / ② 日足5MAの傾きが正 / ⑥ 13MAの＋乖離率10％以下 / ⑨ 日足MACD GC後 or 乖離,④★ 週足13MA＞26MA＞52MA / ⑤★ 週足13MAの傾きが正 / ⑧★ 週足BB条件 / ⑩★ 週足MACD GC後 / ⑭★ 週足一目均衡表の雲より株価が上,https://kabutan.jp/stock/?code=372A,雲中/雲下/判定不可,5632.0,5637.6,12.0,5760.77,5726.54,,-26.15,-1.75,中心線〜+1σ,5697.87,5588.13,-1σ〜中心線,5972.44,6169.38,0.1364,0.1455,False,50.46,55.02,-23.4664,-31.9898,8.5234,-72.656,-55.6889,-16.9672,5840.0,5705.0,-3.08,,,,2026-05-10 13:46:17+0900,True,1,○,① 日足5MA＜株価,1,1,"終値 5,660.00 / 5MA 5,632.00",株価が短期平均線を上回る,False,True,1,○,② 日足5MAの傾きが正,1,1,5MA傾き 12.00,短期線が上向き,False,False,0,×,③ 日足5MA＞25MA,0,1,"5MA 5,632.00 / 25MA 5,637.60",5MAが25MA以下,False,False,0,×,④★ 週足13MA＞26MA＞52MA,0,5,"13MA 5,760.77 / 26MA 5,726.54 / 52MA 判定不可",週足MA配列が未成立,True,False,0,×,⑤★ 週足13MAの傾きが正,0,5,週13MA傾き -26.15,週足13MAが下向き/判定不可,True,True,1,○,⑥ 13MAの＋乖離率10％以下,1,1,13MA乖離 -1.75%,過熱が10%以内,False,False,0,×,⑦ 日足BB +1σ以上 or -1σ以下,0,1,日足BB位置 中心線〜+1σ,±1σ内で動意は限定的,False,False,0,×,⑧★ 週足BB条件,0,5,週足BB位置 -1σ〜中心線 / BW 非拡大,週足BB条件が未成立,True,True,1,○,⑨ 日足MACD GC後 or 乖離,1,1,MACD -23.4664 / Signal -31.9898 / Hist 8.5234,日足MACDは改善傾向,False,False,0,×,⑩★ 週足MACD GC後,0,5,週MACD -72.6560 / Signal -55.6889,週足MACDがGC未達,True,False,0,×,⑪ 日足RSI 10以下 or 60以上,0,1,日足RSI 50.46,RSIが中立圏,False,False,0,×,⑫ 週足RSI 10以下 or 60以上,0,1,週足RSI 55.02,週足RSIが中立圏,False,False,0,×,⑬ 日足一目均衡表の雲より株価が上,0,1,"日足雲上限 5,840.00 / 乖離 -3.08%",日足で雲上未達,False,False,0,×,⑭★ 週足一目均衡表の雲より株価が上,0,5,週足雲上限 判定不可 / 乖離 判定不可,週足で雲上未達,True,,,,,,決算予定未取得,JQUANTS_API_KEY未設定のため決算予定日を取得していません,372A0
