rank,code,symbol,name,latest_date,weekly_date,close,weekly_close,score,score_max,score_pct,condition_count,star_pass_count,pickup_flag,passed_conditions,failed_star_conditions,failed_star_numbers,kabutan_url,weekly_ichimoku_status,daily_sma5,daily_sma25,daily_ma5_slope,weekly_sma13,weekly_sma26,weekly_sma52,weekly_ma13_slope,weekly_ma13_deviation_pct,daily_bb_position,daily_bb_upper1,daily_bb_lower1,weekly_bb_position,weekly_bb_upper1,weekly_bb_upper2,weekly_bb_width,weekly_bb_width_prev,weekly_bb_expanding,daily_bb_width,daily_bb_width_prev,daily_bb_width_ratio,daily_bb_width_ratio_prev,bb_squeeze_days,bb_squeeze_breakout_recent,bb_squeeze_breakout_days_ago,bb_squeeze_tag,bb_squeeze_reason,volatility_6m_pct,volatility_6m_ok,volatility_tag,daily_rsi14,weekly_rsi14,daily_macd,daily_macd_signal,daily_macd_hist,weekly_macd,weekly_macd_signal,weekly_macd_hist,daily_cloud_upper,daily_cloud_lower,daily_cloud_margin_pct,weekly_cloud_upper,weekly_cloud_lower,weekly_cloud_margin_pct,updated_at_jst,c01_daily_price_gt_ma5,point_c01_daily_price_gt_ma5,cond_01,cond_01_label,cond_01_points,cond_01_max_points,cond_01_value,cond_01_comment,cond_01_is_star,c02_daily_ma5_slope_positive,point_c02_daily_ma5_slope_positive,cond_02,cond_02_label,cond_02_points,cond_02_max_points,cond_02_value,cond_02_comment,cond_02_is_star,c03_daily_ma5_gt_ma25,point_c03_daily_ma5_gt_ma25,cond_03,cond_03_label,cond_03_points,cond_03_max_points,cond_03_value,cond_03_comment,cond_03_is_star,c04_weekly_ma_13_26_52,point_c04_weekly_ma_13_26_52,cond_04,cond_04_label,cond_04_points,cond_04_max_points,cond_04_value,cond_04_comment,cond_04_is_star,c05_weekly_ma13_slope_positive,point_c05_weekly_ma13_slope_positive,cond_05,cond_05_label,cond_05_points,cond_05_max_points,cond_05_value,cond_05_comment,cond_05_is_star,c06_weekly_ma13_deviation_le_10pct,point_c06_weekly_ma13_deviation_le_10pct,cond_06,cond_06_label,cond_06_points,cond_06_max_points,cond_06_value,cond_06_comment,cond_06_is_star,c07_daily_bb_outside_1sigma,point_c07_daily_bb_outside_1sigma,cond_07,cond_07_label,cond_07_points,cond_07_max_points,cond_07_value,cond_07_comment,cond_07_is_star,c08_weekly_bb_ok,point_c08_weekly_bb_ok,cond_08,cond_08_label,cond_08_points,cond_08_max_points,cond_08_value,cond_08_comment,cond_08_is_star,c09_daily_macd_ok,point_c09_daily_macd_ok,cond_09,cond_09_label,cond_09_points,cond_09_max_points,cond_09_value,cond_09_comment,cond_09_is_star,c10_weekly_macd_gc,point_c10_weekly_macd_gc,cond_10,cond_10_label,cond_10_points,cond_10_max_points,cond_10_value,cond_10_comment,cond_10_is_star,c11_daily_rsi_ok,point_c11_daily_rsi_ok,cond_11,cond_11_label,cond_11_points,cond_11_max_points,cond_11_value,cond_11_comment,cond_11_is_star,c12_weekly_rsi_ok,point_c12_weekly_rsi_ok,cond_12,cond_12_label,cond_12_points,cond_12_max_points,cond_12_value,cond_12_comment,cond_12_is_star,c13_daily_ichimoku_above_cloud,point_c13_daily_ichimoku_above_cloud,cond_13,cond_13_label,cond_13_points,cond_13_max_points,cond_13_value,cond_13_comment,cond_13_is_star,c14_weekly_ichimoku_above_cloud,point_c14_weekly_ichimoku_above_cloud,cond_14,cond_14_label,cond_14_points,cond_14_max_points,cond_14_value,cond_14_comment,cond_14_is_star,next_earnings_date,next_earnings_company_name,next_earnings_fiscal_year,next_earnings_fiscal_quarter,business_days_to_next_earnings,earnings_tag,earnings_tag_reason,jquants_code
1,4286,4286.T,ＣＬホールディングス,2026-05-15,2026-05-15,1220.0,1220.0,34,34,100.0,14,5,True,① 日足5MA＜株価 / ② 日足5MAの傾きが正 / ③ 日足5MA＞25MA / ④★ 週足13MA＞26MA＞52MA / ⑤★ 週足13MAの傾きが正 / ⑥ 13MAの＋乖離率10％以下 / ⑦ 日足BB +1σ以上 or -1σ以下 / ⑧★ 週足BB条件 / ⑨ 日足MACD GC後 or 乖離 / ⑩★ 週足MACD GC後 / ⑪ 日足RSI 10以下 or 60以上 / ⑫ 週足RSI 10以下 or 60以上 / ⑬ 日足一目均衡表の雲より株価が上 / ⑭★ 週足一目均衡表の雲より株価が上,,,https://kabutan.jp/stock/?code=4286,雲上,1206.2,1152.96,0.0,1120.92,1110.22,998.38,4.69,8.84,+1σ〜+2σ,1211.58,1129.92,+1σ〜+2σ,1167.57,1226.55,0.2128,0.1931,True,0.1395,0.1611,0.1339,0.154,0,False,61.0,,日足BB2σ幅率10%以内が10営業日以上続いた後の、直近3営業日以内のBB拡大は確認できません。,41.68,True,ボラOK,60.66,64.28,32.4886,30.1532,2.3354,46.3529,38.5507,7.8023,1136.0,1049.25,7.39,987.96,886.04,23.49,2026-05-15 19:30:53+0900,True,1,○,① 日足5MA＜株価,1,1,"終値 1,220.00 / 5MA 1,206.20",株価が短期平均線を上回る,False,True,1,○,② 日足5MAの傾きが正,1,1,5MA傾き 0.00,短期線が上向き,False,True,1,○,③ 日足5MA＞25MA,1,1,"5MA 1,206.20 / 25MA 1,152.96",短期線が中期線を上回る,False,True,5,○,④★ 週足13MA＞26MA＞52MA,5,5,"13MA 1,120.92 / 26MA 1,110.22 / 52MA 998.38",週足の上昇配列,True,True,5,○,⑤★ 週足13MAの傾きが正,5,5,週13MA傾き 4.69,週足13MAが上向き,True,True,1,○,⑥ 13MAの＋乖離率10％以下,1,1,13MA乖離 +8.84%,過熱が10%以内,False,True,1,○,⑦ 日足BB +1σ以上 or -1σ以下,1,1,日足BB位置 +1σ〜+2σ,±1σ外側で動意あり,False,True,5,○,⑧★ 週足BB条件,5,5,週足BB位置 +1σ〜+2σ / BW 拡大,週足BB条件内,True,True,1,○,⑨ 日足MACD GC後 or 乖離,1,1,MACD 32.4886 / Signal 30.1532 / Hist 2.3354,日足MACDは改善傾向,False,True,5,○,⑩★ 週足MACD GC後,5,5,週MACD 46.3529 / Signal 38.5507,週足MACDがGC後,True,True,1,○,⑪ 日足RSI 10以下 or 60以上,1,1,日足RSI 60.66,RSI条件内,False,True,1,○,⑫ 週足RSI 10以下 or 60以上,1,1,週足RSI 64.28,週足RSI条件内,False,True,1,○,⑬ 日足一目均衡表の雲より株価が上,1,1,"日足雲上限 1,136.00 / 乖離 +7.39%",日足で雲上,False,True,5,○,⑭★ 週足一目均衡表の雲より株価が上,5,5,週足雲上限 987.96 / 乖離 +23.49%,週足で雲上,True,,,,,,決算予定未取得,JQUANTS_API_KEY未設定のため決算予定日を取得していません,42860
2,9270,9270.T,バリュエンスホールディングス,2026-05-15,2026-05-15,2288.0,2288.0,28,34,82.4,8,5,True,④★ 週足13MA＞26MA＞52MA / ⑤★ 週足13MAの傾きが正 / ⑦ 日足BB +1σ以上 or -1σ以下 / ⑧★ 週足BB条件 / ⑩★ 週足MACD GC後 / ⑫ 週足RSI 10以下 or 60以上 / ⑬ 日足一目均衡表の雲より株価が上 / ⑭★ 週足一目均衡表の雲より株価が上,,,https://kabutan.jp/stock/?code=9270,雲上,2415.4,2415.68,-29.4,2066.15,1697.92,1313.33,47.77,10.74,-2σ〜-1σ,2602.67,2335.23,+1σ〜+2σ,2268.43,2621.16,0.7365,0.8192,False,0.2166,0.2085,0.2338,0.2136,0,False,149.0,,日足BB2σ幅率10%以内が10営業日以上続いた後の、直近3営業日以内のBB拡大は確認できません。,216.44,True,ボラOK,48.09,64.78,68.7036,101.0575,-32.354,312.6346,280.6657,31.9689,1833.75,1811.0,24.77,965.69,871.63,136.93,2026-05-15 19:31:03+0900,False,0,×,① 日足5MA＜株価,0,1,"終値 2,288.00 / 5MA 2,415.40",株価が5MA以下,False,False,0,×,② 日足5MAの傾きが正,0,1,5MA傾き -29.40,短期線が下向き/横ばい未満,False,False,0,×,③ 日足5MA＞25MA,0,1,"5MA 2,415.40 / 25MA 2,415.68",5MAが25MA以下,False,True,5,○,④★ 週足13MA＞26MA＞52MA,5,5,"13MA 2,066.15 / 26MA 1,697.92 / 52MA 1,313.33",週足の上昇配列,True,True,5,○,⑤★ 週足13MAの傾きが正,5,5,週13MA傾き 47.77,週足13MAが上向き,True,False,0,×,⑥ 13MAの＋乖離率10％以下,0,1,13MA乖離 +10.74%,13MAからの上方乖離が大きい可能性,False,True,1,○,⑦ 日足BB +1σ以上 or -1σ以下,1,1,日足BB位置 -2σ〜-1σ,±1σ外側で動意あり,False,True,5,○,⑧★ 週足BB条件,5,5,週足BB位置 +1σ〜+2σ / BW 非拡大,週足BB条件内,True,False,0,×,⑨ 日足MACD GC後 or 乖離,0,1,MACD 68.7036 / Signal 101.0575 / Hist -32.3540,日足MACDが弱い,False,True,5,○,⑩★ 週足MACD GC後,5,5,週MACD 312.6346 / Signal 280.6657,週足MACDがGC後,True,False,0,×,⑪ 日足RSI 10以下 or 60以上,0,1,日足RSI 48.09,RSIが中立圏,False,True,1,○,⑫ 週足RSI 10以下 or 60以上,1,1,週足RSI 64.78,週足RSI条件内,False,True,1,○,⑬ 日足一目均衡表の雲より株価が上,1,1,"日足雲上限 1,833.75 / 乖離 +24.77%",日足で雲上,False,True,5,○,⑭★ 週足一目均衡表の雲より株価が上,5,5,週足雲上限 965.69 / 乖離 +136.93%,週足で雲上,True,,,,,,決算予定未取得,JQUANTS_API_KEY未設定のため決算予定日を取得していません,92700
3,7089,7089.T,フォースタートアップス,2026-05-15,2026-05-15,1512.0,1512.0,27,34,79.4,11,4,False,② 日足5MAの傾きが正 / ③ 日足5MA＞25MA / ④★ 週足13MA＞26MA＞52MA / ⑤★ 週足13MAの傾きが正 / ⑦ 日足BB +1σ以上 or -1σ以下 / ⑨ 日足MACD GC後 or 乖離 / ⑩★ 週足MACD GC後 / ⑪ 日足RSI 10以下 or 60以上 / ⑫ 週足RSI 10以下 or 60以上 / ⑬ 日足一目均衡表の雲より株価が上 / ⑭★ 週足一目均衡表の雲より株価が上,⑧★ 週足BB条件,8,https://kabutan.jp/stock/?code=7089,雲上,1550.8,1291.6,30.6,1275.46,1135.69,1005.85,25.54,18.55,+1σ〜+2σ,1458.19,1168.41,+2σ以上,1339.78,1499.65,0.542,0.5033,True,0.4413,0.4272,0.3833,0.3582,0,False,271.0,,日足BB2σ幅率10%以内が10営業日以上続いた後の、直近3営業日以内のBB拡大は確認できません。,92.18,True,ボラOK,65.26,73.7,84.815,48.3683,36.4467,100.2561,86.4016,13.8545,1227.0,1152.0,23.23,934.62,759.25,61.78,2026-05-15 19:30:59+0900,False,0,×,① 日足5MA＜株価,0,1,"終値 1,512.00 / 5MA 1,550.80",株価が5MA以下,False,True,1,○,② 日足5MAの傾きが正,1,1,5MA傾き 30.60,短期線が上向き,False,True,1,○,③ 日足5MA＞25MA,1,1,"5MA 1,550.80 / 25MA 1,291.60",短期線が中期線を上回る,False,True,5,○,④★ 週足13MA＞26MA＞52MA,5,5,"13MA 1,275.46 / 26MA 1,135.69 / 52MA 1,005.85",週足の上昇配列,True,True,5,○,⑤★ 週足13MAの傾きが正,5,5,週13MA傾き 25.54,週足13MAが上向き,True,False,0,×,⑥ 13MAの＋乖離率10％以下,0,1,13MA乖離 +18.55%,13MAからの上方乖離が大きい可能性,False,True,1,○,⑦ 日足BB +1σ以上 or -1σ以下,1,1,日足BB位置 +1σ〜+2σ,±1σ外側で動意あり,False,False,0,×,⑧★ 週足BB条件,0,5,週足BB位置 +2σ以上 / BW 拡大,週足BB条件が未成立,True,True,1,○,⑨ 日足MACD GC後 or 乖離,1,1,MACD 84.8150 / Signal 48.3683 / Hist 36.4467,日足MACDは改善傾向,False,True,5,○,⑩★ 週足MACD GC後,5,5,週MACD 100.2561 / Signal 86.4016,週足MACDがGC後,True,True,1,○,⑪ 日足RSI 10以下 or 60以上,1,1,日足RSI 65.26,RSI条件内,False,True,1,○,⑫ 週足RSI 10以下 or 60以上,1,1,週足RSI 73.70,週足RSI条件内,False,True,1,○,⑬ 日足一目均衡表の雲より株価が上,1,1,"日足雲上限 1,227.00 / 乖離 +23.23%",日足で雲上,False,True,5,○,⑭★ 週足一目均衡表の雲より株価が上,5,5,週足雲上限 934.62 / 乖離 +61.78%,週足で雲上,True,,,,,,決算予定未取得,JQUANTS_API_KEY未設定のため決算予定日を取得していません,70890
4,3566,3566.T,ユニフォームネクスト,2026-05-15,2026-05-15,919.0,919.0,27,34,79.4,11,4,False,① 日足5MA＜株価 / ③ 日足5MA＞25MA / ④★ 週足13MA＞26MA＞52MA / ⑤★ 週足13MAの傾きが正 / ⑦ 日足BB +1σ以上 or -1σ以下 / ⑨ 日足MACD GC後 or 乖離 / ⑩★ 週足MACD GC後 / ⑪ 日足RSI 10以下 or 60以上 / ⑫ 週足RSI 10以下 or 60以上 / ⑬ 日足一目均衡表の雲より株価が上 / ⑭★ 週足一目均衡表の雲より株価が上,⑧★ 週足BB条件,8,https://kabutan.jp/stock/?code=3566,雲上,901.8,816.96,-3.8,761.77,722.01,661.49,14.31,20.64,+1σ〜+2σ,886.29,790.91,+2σ以上,814.19,892.29,0.4244,0.3679,True,0.2275,0.2206,0.2076,0.2072,0,False,20.0,,日足BB2σ幅率10%以内が10営業日以上続いた後の、直近3営業日以内のBB拡大は確認できません。,56.08,True,ボラOK,68.06,77.13,45.5454,39.5577,5.9877,57.9607,37.4466,20.5142,704.5,685.0,30.45,639.55,591.16,43.69,2026-05-15 19:30:58+0900,True,1,○,① 日足5MA＜株価,1,1,終値 919.00 / 5MA 901.80,株価が短期平均線を上回る,False,False,0,×,② 日足5MAの傾きが正,0,1,5MA傾き -3.80,短期線が下向き/横ばい未満,False,True,1,○,③ 日足5MA＞25MA,1,1,5MA 901.80 / 25MA 816.96,短期線が中期線を上回る,False,True,5,○,④★ 週足13MA＞26MA＞52MA,5,5,13MA 761.77 / 26MA 722.01 / 52MA 661.49,週足の上昇配列,True,True,5,○,⑤★ 週足13MAの傾きが正,5,5,週13MA傾き 14.31,週足13MAが上向き,True,False,0,×,⑥ 13MAの＋乖離率10％以下,0,1,13MA乖離 +20.64%,13MAからの上方乖離が大きい可能性,False,True,1,○,⑦ 日足BB +1σ以上 or -1σ以下,1,1,日足BB位置 +1σ〜+2σ,±1σ外側で動意あり,False,False,0,×,⑧★ 週足BB条件,0,5,週足BB位置 +2σ以上 / BW 拡大,週足BB条件が未成立,True,True,1,○,⑨ 日足MACD GC後 or 乖離,1,1,MACD 45.5454 / Signal 39.5577 / Hist 5.9877,日足MACDは改善傾向,False,True,5,○,⑩★ 週足MACD GC後,5,5,週MACD 57.9607 / Signal 37.4466,週足MACDがGC後,True,True,1,○,⑪ 日足RSI 10以下 or 60以上,1,1,日足RSI 68.06,RSI条件内,False,True,1,○,⑫ 週足RSI 10以下 or 60以上,1,1,週足RSI 77.13,週足RSI条件内,False,True,1,○,⑬ 日足一目均衡表の雲より株価が上,1,1,日足雲上限 704.50 / 乖離 +30.45%,日足で雲上,False,True,5,○,⑭★ 週足一目均衡表の雲より株価が上,5,5,週足雲上限 639.55 / 乖離 +43.69%,週足で雲上,True,,,,,,決算予定未取得,JQUANTS_API_KEY未設定のため決算予定日を取得していません,35660
5,366A,366A.T,ウェルネス・コミュニケーションズ,2026-05-15,2026-05-15,1077.0,1077.0,21,34,61.8,9,3,False,① 日足5MA＜株価 / ② 日足5MAの傾きが正 / ⑤★ 週足13MAの傾きが正 / ⑦ 日足BB +1σ以上 or -1σ以下 / ⑧★ 週足BB条件 / ⑨ 日足MACD GC後 or 乖離 / ⑩★ 週足MACD GC後 / ⑪ 日足RSI 10以下 or 60以上 / ⑬ 日足一目均衡表の雲より株価が上,④★ 週足13MA＞26MA＞52MA / ⑭★ 週足一目均衡表の雲より株価が上,4 / 14,https://kabutan.jp/stock/?code=366A,雲中/雲下/判定不可,988.0,1006.28,22.6,977.05,1027.89,,10.42,10.23,+2σ以上,1036.6,965.5,+1σ〜+2σ,1058.02,1119.01,0.2447,0.2453,False,0.1421,0.1278,0.132,0.1377,0,False,,,日足BB2σ幅率10%以内が10営業日以上続いた後の、直近3営業日以内のBB拡大は確認できません。,68.51,True,ボラOK,62.16,51.33,-0.0627,-0.3492,0.2865,-60.4504,-84.5326,24.0822,1000.33,956.07,7.66,,,,2026-05-15 19:30:54+0900,True,1,○,① 日足5MA＜株価,1,1,"終値 1,077.00 / 5MA 988.00",株価が短期平均線を上回る,False,True,1,○,② 日足5MAの傾きが正,1,1,5MA傾き 22.60,短期線が上向き,False,False,0,×,③ 日足5MA＞25MA,0,1,"5MA 988.00 / 25MA 1,006.28",5MAが25MA以下,False,False,0,×,④★ 週足13MA＞26MA＞52MA,0,5,"13MA 977.05 / 26MA 1,027.89 / 52MA 判定不可",週足MA配列が未成立,True,True,5,○,⑤★ 週足13MAの傾きが正,5,5,週13MA傾き 10.42,週足13MAが上向き,True,False,0,×,⑥ 13MAの＋乖離率10％以下,0,1,13MA乖離 +10.23%,13MAからの上方乖離が大きい可能性,False,True,1,○,⑦ 日足BB +1σ以上 or -1σ以下,1,1,日足BB位置 +2σ以上,±1σ外側で動意あり,False,True,5,○,⑧★ 週足BB条件,5,5,週足BB位置 +1σ〜+2σ / BW 非拡大,週足BB条件内,True,True,1,○,⑨ 日足MACD GC後 or 乖離,1,1,MACD -0.0627 / Signal -0.3492 / Hist 0.2865,日足MACDは改善傾向,False,True,5,○,⑩★ 週足MACD GC後,5,5,週MACD -60.4504 / Signal -84.5326,週足MACDがGC後,True,True,1,○,⑪ 日足RSI 10以下 or 60以上,1,1,日足RSI 62.16,RSI条件内,False,False,0,×,⑫ 週足RSI 10以下 or 60以上,0,1,週足RSI 51.33,週足RSIが中立圏,False,True,1,○,⑬ 日足一目均衡表の雲より株価が上,1,1,"日足雲上限 1,000.33 / 乖離 +7.66%",日足で雲上,False,False,0,×,⑭★ 週足一目均衡表の雲より株価が上,0,5,週足雲上限 判定不可 / 乖離 判定不可,週足で雲上未達,True,,,,,,決算予定未取得,JQUANTS_API_KEY未設定のため決算予定日を取得していません,366A0
6,5592,5592.T,くすりの窓口,2026-05-15,2026-05-15,2850.0,2850.0,20,34,58.8,8,3,False,① 日足5MA＜株価 / ③ 日足5MA＞25MA / ⑤★ 週足13MAの傾きが正 / ⑥ 13MAの＋乖離率10％以下 / ⑧★ 週足BB条件 / ⑨ 日足MACD GC後 or 乖離 / ⑩★ 週足MACD GC後 / ⑬ 日足一目均衡表の雲より株価が上,④★ 週足13MA＞26MA＞52MA / ⑭★ 週足一目均衡表の雲より株価が上,4 / 14,https://kabutan.jp/stock/?code=5592,雲中/雲下/判定不可,2807.4,2775.8,-6.4,2681.4,2656.78,3002.94,24.04,6.29,中心線〜+1σ,2918.09,2714.91,+1σ〜+2σ,2813.49,2955.16,0.2121,0.2041,True,0.1443,0.1599,0.1426,0.1636,0,False,303.0,,日足BB2σ幅率10%以内が10営業日以上続いた後の、直近3営業日以内のBB拡大は確認できません。,45.17,True,ボラOK,55.78,53.17,49.9828,66.2373,-16.2546,-20.3505,-69.9831,49.6326,2595.64,2531.35,9.8,3594.0,2934.69,-20.7,2026-05-15 19:30:52+0900,True,1,○,① 日足5MA＜株価,1,1,"終値 2,850.00 / 5MA 2,807.40",株価が短期平均線を上回る,False,False,0,×,② 日足5MAの傾きが正,0,1,5MA傾き -6.40,短期線が下向き/横ばい未満,False,True,1,○,③ 日足5MA＞25MA,1,1,"5MA 2,807.40 / 25MA 2,775.80",短期線が中期線を上回る,False,False,0,×,④★ 週足13MA＞26MA＞52MA,0,5,"13MA 2,681.40 / 26MA 2,656.78 / 52MA 3,002.94",週足MA配列が未成立,True,True,5,○,⑤★ 週足13MAの傾きが正,5,5,週13MA傾き 24.04,週足13MAが上向き,True,True,1,○,⑥ 13MAの＋乖離率10％以下,1,1,13MA乖離 +6.29%,過熱が10%以内,False,False,0,×,⑦ 日足BB +1σ以上 or -1σ以下,0,1,日足BB位置 中心線〜+1σ,±1σ内で動意は限定的,False,True,5,○,⑧★ 週足BB条件,5,5,週足BB位置 +1σ〜+2σ / BW 拡大,週足BB条件内,True,True,1,○,⑨ 日足MACD GC後 or 乖離,1,1,MACD 49.9828 / Signal 66.2373 / Hist -16.2546,日足MACDは改善傾向,False,True,5,○,⑩★ 週足MACD GC後,5,5,週MACD -20.3505 / Signal -69.9831,週足MACDがGC後,True,False,0,×,⑪ 日足RSI 10以下 or 60以上,0,1,日足RSI 55.78,RSIが中立圏,False,False,0,×,⑫ 週足RSI 10以下 or 60以上,0,1,週足RSI 53.17,週足RSIが中立圏,False,True,1,○,⑬ 日足一目均衡表の雲より株価が上,1,1,"日足雲上限 2,595.64 / 乖離 +9.80%",日足で雲上,False,False,0,×,⑭★ 週足一目均衡表の雲より株価が上,0,5,"週足雲上限 3,594.00 / 乖離 -20.70%",週足で雲上未達,True,,,,,,決算予定未取得,JQUANTS_API_KEY未設定のため決算予定日を取得していません,55920
7,3021,3021.T,パシフィックネット,2026-05-15,2026-05-15,1902.0,1902.0,18,34,52.9,6,3,False,② 日足5MAの傾きが正 / ④★ 週足13MA＞26MA＞52MA / ⑥ 13MAの＋乖離率10％以下 / ⑧★ 週足BB条件 / ⑨ 日足MACD GC後 or 乖離 / ⑭★ 週足一目均衡表の雲より株価が上,⑤★ 週足13MAの傾きが正 / ⑩★ 週足MACD GC後,5 / 10,https://kabutan.jp/stock/?code=3021,雲上,1944.8,2042.92,3.4,2153.85,2001.35,1652.2,-16.92,-11.69,-1σ〜中心線,2086.35,1862.15,-2σ〜-1σ,2288.75,2479.55,0.3638,0.354,True,0.2271,0.2697,0.2358,0.2792,0,False,136.0,,日足BB2σ幅率10%以内が10営業日以上続いた後の、直近3営業日以内のBB拡大は確認できません。,91.3,True,ボラOK,39.59,48.45,-67.0068,-72.9633,5.9565,77.741,147.9572,-70.2162,2230.5,2201.25,-14.73,1332.75,1193.69,42.71,2026-05-15 19:30:58+0900,False,0,×,① 日足5MA＜株価,0,1,"終値 1,902.00 / 5MA 1,944.80",株価が5MA以下,False,True,1,○,② 日足5MAの傾きが正,1,1,5MA傾き 3.40,短期線が上向き,False,False,0,×,③ 日足5MA＞25MA,0,1,"5MA 1,944.80 / 25MA 2,042.92",5MAが25MA以下,False,True,5,○,④★ 週足13MA＞26MA＞52MA,5,5,"13MA 2,153.85 / 26MA 2,001.35 / 52MA 1,652.20",週足の上昇配列,True,False,0,×,⑤★ 週足13MAの傾きが正,0,5,週13MA傾き -16.92,週足13MAが下向き/判定不可,True,True,1,○,⑥ 13MAの＋乖離率10％以下,1,1,13MA乖離 -11.69%,過熱が10%以内,False,False,0,×,⑦ 日足BB +1σ以上 or -1σ以下,0,1,日足BB位置 -1σ〜中心線,±1σ内で動意は限定的,False,True,5,○,⑧★ 週足BB条件,5,5,週足BB位置 -2σ〜-1σ / BW 拡大,週足BB条件内,True,True,1,○,⑨ 日足MACD GC後 or 乖離,1,1,MACD -67.0068 / Signal -72.9633 / Hist 5.9565,日足MACDは改善傾向,False,False,0,×,⑩★ 週足MACD GC後,0,5,週MACD 77.7410 / Signal 147.9572,週足MACDがGC未達,True,False,0,×,⑪ 日足RSI 10以下 or 60以上,0,1,日足RSI 39.59,RSIが中立圏,False,False,0,×,⑫ 週足RSI 10以下 or 60以上,0,1,週足RSI 48.45,週足RSIが中立圏,False,False,0,×,⑬ 日足一目均衡表の雲より株価が上,0,1,"日足雲上限 2,230.50 / 乖離 -14.73%",日足で雲上未達,False,True,5,○,⑭★ 週足一目均衡表の雲より株価が上,5,5,"週足雲上限 1,332.75 / 乖離 +42.71%",週足で雲上,True,,,,,,決算予定未取得,JQUANTS_API_KEY未設定のため決算予定日を取得していません,30210
8,332A,332A.T,ミーク,2026-05-15,2026-05-15,1140.0,1140.0,18,34,52.9,6,3,False,③ 日足5MA＞25MA / ④★ 週足13MA＞26MA＞52MA / ⑥ 13MAの＋乖離率10％以下 / ⑦ 日足BB +1σ以上 or -1σ以下 / ⑩★ 週足MACD GC後 / ⑭★ 週足一目均衡表の雲より株価が上,⑤★ 週足13MAの傾きが正 / ⑧★ 週足BB条件,5 / 8,https://kabutan.jp/stock/?code=332A,雲上,1457.8,1441.6,-83.0,1270.46,1192.58,1011.94,-4.85,-10.27,-2σ以下,1627.1,1338.5,-1σ〜中心線,1412.96,1564.91,0.482,0.4834,False,0.3893,0.3487,0.5063,0.437,0,False,137.0,,日足BB2σ幅率10%以内が10営業日以上続いた後の、直近3営業日以内のBB拡大は確認できません。,130.42,True,ボラOK,36.85,47.59,28.0026,73.3574,-45.3548,104.9093,101.6998,3.2096,1216.5,1117.75,-6.29,868.5,868.5,31.26,2026-05-15 19:30:52+0900,False,0,×,① 日足5MA＜株価,0,1,"終値 1,140.00 / 5MA 1,457.80",株価が5MA以下,False,False,0,×,② 日足5MAの傾きが正,0,1,5MA傾き -83.00,短期線が下向き/横ばい未満,False,True,1,○,③ 日足5MA＞25MA,1,1,"5MA 1,457.80 / 25MA 1,441.60",短期線が中期線を上回る,False,True,5,○,④★ 週足13MA＞26MA＞52MA,5,5,"13MA 1,270.46 / 26MA 1,192.58 / 52MA 1,011.94",週足の上昇配列,True,False,0,×,⑤★ 週足13MAの傾きが正,0,5,週13MA傾き -4.85,週足13MAが下向き/判定不可,True,True,1,○,⑥ 13MAの＋乖離率10％以下,1,1,13MA乖離 -10.27%,過熱が10%以内,False,True,1,○,⑦ 日足BB +1σ以上 or -1σ以下,1,1,日足BB位置 -2σ以下,±1σ外側で動意あり,False,False,0,×,⑧★ 週足BB条件,0,5,週足BB位置 -1σ〜中心線 / BW 非拡大,週足BB条件が未成立,True,False,0,×,⑨ 日足MACD GC後 or 乖離,0,1,MACD 28.0026 / Signal 73.3574 / Hist -45.3548,日足MACDが弱い,False,True,5,○,⑩★ 週足MACD GC後,5,5,週MACD 104.9093 / Signal 101.6998,週足MACDがGC後,True,False,0,×,⑪ 日足RSI 10以下 or 60以上,0,1,日足RSI 36.85,RSIが中立圏,False,False,0,×,⑫ 週足RSI 10以下 or 60以上,0,1,週足RSI 47.59,週足RSIが中立圏,False,False,0,×,⑬ 日足一目均衡表の雲より株価が上,0,1,"日足雲上限 1,216.50 / 乖離 -6.29%",日足で雲上未達,False,True,5,○,⑭★ 週足一目均衡表の雲より株価が上,5,5,週足雲上限 868.50 / 乖離 +31.26%,週足で雲上,True,,,,,,決算予定未取得,JQUANTS_API_KEY未設定のため決算予定日を取得していません,332A0
9,7354,7354.T,ダイレクトマーケティングミックス,2026-05-15,2026-05-15,304.0,304.0,18,34,52.9,6,3,False,① 日足5MA＜株価 / ④★ 週足13MA＞26MA＞52MA / ⑤★ 週足13MAの傾きが正 / ⑥ 13MAの＋乖離率10％以下 / ⑨ 日足MACD GC後 or 乖離 / ⑭★ 週足一目均衡表の雲より株価が上,⑧★ 週足BB条件 / ⑩★ 週足MACD GC後,8 / 10,https://kabutan.jp/stock/?code=7354,雲上,303.4,309.72,-0.8,311.77,305.05,284.75,0.92,-2.49,-1σ〜中心線,317.11,299.49,-1σ〜中心線,325.16,340.77,0.2017,0.2069,False,0.1143,0.1137,0.1159,0.1169,0,False,77.0,,日足BB2σ幅率10%以内が10営業日以上続いた後の、直近3営業日以内のBB拡大は確認できません。,43.67,True,ボラOK,47.68,50.85,-2.2628,-1.801,-0.4618,5.1145,7.5342,-2.4197,319.0,308.5,-4.7,267.36,244.17,13.7,2026-05-15 19:31:02+0900,True,1,○,① 日足5MA＜株価,1,1,終値 304.00 / 5MA 303.40,株価が短期平均線を上回る,False,False,0,×,② 日足5MAの傾きが正,0,1,5MA傾き -0.80,短期線が下向き/横ばい未満,False,False,0,×,③ 日足5MA＞25MA,0,1,5MA 303.40 / 25MA 309.72,5MAが25MA以下,False,True,5,○,④★ 週足13MA＞26MA＞52MA,5,5,13MA 311.77 / 26MA 305.05 / 52MA 284.75,週足の上昇配列,True,True,5,○,⑤★ 週足13MAの傾きが正,5,5,週13MA傾き 0.92,週足13MAが上向き,True,True,1,○,⑥ 13MAの＋乖離率10％以下,1,1,13MA乖離 -2.49%,過熱が10%以内,False,False,0,×,⑦ 日足BB +1σ以上 or -1σ以下,0,1,日足BB位置 -1σ〜中心線,±1σ内で動意は限定的,False,False,0,×,⑧★ 週足BB条件,0,5,週足BB位置 -1σ〜中心線 / BW 非拡大,週足BB条件が未成立,True,True,1,○,⑨ 日足MACD GC後 or 乖離,1,1,MACD -2.2628 / Signal -1.8010 / Hist -0.4618,日足MACDは改善傾向,False,False,0,×,⑩★ 週足MACD GC後,0,5,週MACD 5.1145 / Signal 7.5342,週足MACDがGC未達,True,False,0,×,⑪ 日足RSI 10以下 or 60以上,0,1,日足RSI 47.68,RSIが中立圏,False,False,0,×,⑫ 週足RSI 10以下 or 60以上,0,1,週足RSI 50.85,週足RSIが中立圏,False,False,0,×,⑬ 日足一目均衡表の雲より株価が上,0,1,日足雲上限 319.00 / 乖離 -4.70%,日足で雲上未達,False,True,5,○,⑭★ 週足一目均衡表の雲より株価が上,5,5,週足雲上限 267.36 / 乖離 +13.70%,週足で雲上,True,,,,,,決算予定未取得,JQUANTS_API_KEY未設定のため決算予定日を取得していません,73540
10,8789,8789.T,フィンテック　グローバル,2026-05-15,2026-05-15,135.0,135.0,17,34,50.0,9,2,False,① 日足5MA＜株価 / ② 日足5MAの傾きが正 / ③ 日足5MA＞25MA / ⑥ 13MAの＋乖離率10％以下 / ⑦ 日足BB +1σ以上 or -1σ以下 / ⑧★ 週足BB条件 / ⑨ 日足MACD GC後 or 乖離 / ⑪ 日足RSI 10以下 or 60以上 / ⑭★ 週足一目均衡表の雲より株価が上,④★ 週足13MA＞26MA＞52MA / ⑤★ 週足13MAの傾きが正 / ⑩★ 週足MACD GC後,4 / 5 / 10,https://kabutan.jp/stock/?code=8789,雲上,133.2,128.68,1.2,132.69,138.92,124.16,-1.08,1.74,+1σ〜+2σ,132.32,126.58,-1σ〜中心線,147.77,158.24,0.305,0.3043,True,0.0887,0.0872,0.0851,0.0832,10,False,63.0,,日足BB2σ幅率10%以内が10営業日以上続いた後の、直近3営業日以内のBB拡大は確認できません。,61.76,True,ボラOK,61.5,52.83,1.1756,0.047,1.1286,-0.0965,1.7001,-1.7965,141.5,129.75,-4.59,120.61,111.44,11.93,2026-05-15 19:31:00+0900,True,1,○,① 日足5MA＜株価,1,1,終値 135.00 / 5MA 133.20,株価が短期平均線を上回る,False,True,1,○,② 日足5MAの傾きが正,1,1,5MA傾き 1.20,短期線が上向き,False,True,1,○,③ 日足5MA＞25MA,1,1,5MA 133.20 / 25MA 128.68,短期線が中期線を上回る,False,False,0,×,④★ 週足13MA＞26MA＞52MA,0,5,13MA 132.69 / 26MA 138.92 / 52MA 124.16,週足MA配列が未成立,True,False,0,×,⑤★ 週足13MAの傾きが正,0,5,週13MA傾き -1.08,週足13MAが下向き/判定不可,True,True,1,○,⑥ 13MAの＋乖離率10％以下,1,1,13MA乖離 +1.74%,過熱が10%以内,False,True,1,○,⑦ 日足BB +1σ以上 or -1σ以下,1,1,日足BB位置 +1σ〜+2σ,±1σ外側で動意あり,False,True,5,○,⑧★ 週足BB条件,5,5,週足BB位置 -1σ〜中心線 / BW 拡大,週足BB条件内,True,True,1,○,⑨ 日足MACD GC後 or 乖離,1,1,MACD 1.1756 / Signal 0.0470 / Hist 1.1286,日足MACDは改善傾向,False,False,0,×,⑩★ 週足MACD GC後,0,5,週MACD -0.0965 / Signal 1.7001,週足MACDがGC未達,True,True,1,○,⑪ 日足RSI 10以下 or 60以上,1,1,日足RSI 61.50,RSI条件内,False,False,0,×,⑫ 週足RSI 10以下 or 60以上,0,1,週足RSI 52.83,週足RSIが中立圏,False,False,0,×,⑬ 日足一目均衡表の雲より株価が上,0,1,日足雲上限 141.50 / 乖離 -4.59%,日足で雲上未達,False,True,5,○,⑭★ 週足一目均衡表の雲より株価が上,5,5,週足雲上限 120.61 / 乖離 +11.93%,週足で雲上,True,,,,,,決算予定未取得,JQUANTS_API_KEY未設定のため決算予定日を取得していません,87890
11,3939,3939.T,カナミックネットワーク,2026-05-15,2026-05-15,515.0,515.0,17,34,50.0,5,3,False,④★ 週足13MA＞26MA＞52MA / ⑥ 13MAの＋乖離率10％以下 / ⑦ 日足BB +1σ以上 or -1σ以下 / ⑧★ 週足BB条件 / ⑭★ 週足一目均衡表の雲より株価が上,⑤★ 週足13MAの傾きが正 / ⑩★ 週足MACD GC後,5 / 10,https://kabutan.jp/stock/?code=3939,雲上,534.2,544.0,-7.6,531.31,530.65,491.54,-0.23,-3.07,-2σ以下,563.71,531.69,-1σ〜中心線,547.9,568.49,0.1562,0.1547,True,0.1169,0.1114,0.1243,0.1198,0,False,81.0,,日足BB2σ幅率10%以内が10営業日以上続いた後の、直近3営業日以内のBB拡大は確認できません。,23.26,False,ボラ不足,39.29,48.79,-0.6302,4.3111,-4.9414,9.9854,11.5033,-1.5179,520.5,515.0,-1.06,482.71,444.32,6.69,2026-05-15 19:30:59+0900,False,0,×,① 日足5MA＜株価,0,1,終値 515.00 / 5MA 534.20,株価が5MA以下,False,False,0,×,② 日足5MAの傾きが正,0,1,5MA傾き -7.60,短期線が下向き/横ばい未満,False,False,0,×,③ 日足5MA＞25MA,0,1,5MA 534.20 / 25MA 544.00,5MAが25MA以下,False,True,5,○,④★ 週足13MA＞26MA＞52MA,5,5,13MA 531.31 / 26MA 530.65 / 52MA 491.54,週足の上昇配列,True,False,0,×,⑤★ 週足13MAの傾きが正,0,5,週13MA傾き -0.23,週足13MAが下向き/判定不可,True,True,1,○,⑥ 13MAの＋乖離率10％以下,1,1,13MA乖離 -3.07%,過熱が10%以内,False,True,1,○,⑦ 日足BB +1σ以上 or -1σ以下,1,1,日足BB位置 -2σ以下,±1σ外側で動意あり,False,True,5,○,⑧★ 週足BB条件,5,5,週足BB位置 -1σ〜中心線 / BW 拡大,週足BB条件内,True,False,0,×,⑨ 日足MACD GC後 or 乖離,0,1,MACD -0.6302 / Signal 4.3111 / Hist -4.9414,日足MACDが弱い,False,False,0,×,⑩★ 週足MACD GC後,0,5,週MACD 9.9854 / Signal 11.5033,週足MACDがGC未達,True,False,0,×,⑪ 日足RSI 10以下 or 60以上,0,1,日足RSI 39.29,RSIが中立圏,False,False,0,×,⑫ 週足RSI 10以下 or 60以上,0,1,週足RSI 48.79,週足RSIが中立圏,False,False,0,×,⑬ 日足一目均衡表の雲より株価が上,0,1,日足雲上限 520.50 / 乖離 -1.06%,日足で雲上未達,False,True,5,○,⑭★ 週足一目均衡表の雲より株価が上,5,5,週足雲上限 482.71 / 乖離 +6.69%,週足で雲上,True,,,,,,決算予定未取得,JQUANTS_API_KEY未設定のため決算予定日を取得していません,39390
12,156A,156A.T,マテリアルグループ,2026-05-15,2026-05-15,787.0,787.0,17,34,50.0,5,3,False,④★ 週足13MA＞26MA＞52MA / ⑥ 13MAの＋乖離率10％以下 / ⑦ 日足BB +1σ以上 or -1σ以下 / ⑧★ 週足BB条件 / ⑭★ 週足一目均衡表の雲より株価が上,⑤★ 週足13MAの傾きが正 / ⑩★ 週足MACD GC後,5 / 10,https://kabutan.jp/stock/?code=156A,雲上,799.0,848.04,-8.8,860.92,833.54,797.21,-4.0,-8.59,-2σ〜-1σ,871.38,810.72,-2σ〜-1σ,909.01,955.11,0.2137,0.2118,True,0.1443,0.1348,0.1542,0.1456,0,False,4.0,,日足BB2σ幅率10%以内が10営業日以上続いた後の、直近3営業日以内のBB拡大は確認できません。,51.55,True,ボラOK,32.7,44.68,-18.525,-12.0993,-6.4257,11.5227,23.4101,-11.8874,884.5,869.0,-11.02,770.51,716.26,2.14,2026-05-15 19:30:49+0900,False,0,×,① 日足5MA＜株価,0,1,終値 787.00 / 5MA 799.00,株価が5MA以下,False,False,0,×,② 日足5MAの傾きが正,0,1,5MA傾き -8.80,短期線が下向き/横ばい未満,False,False,0,×,③ 日足5MA＞25MA,0,1,5MA 799.00 / 25MA 848.04,5MAが25MA以下,False,True,5,○,④★ 週足13MA＞26MA＞52MA,5,5,13MA 860.92 / 26MA 833.54 / 52MA 797.21,週足の上昇配列,True,False,0,×,⑤★ 週足13MAの傾きが正,0,5,週13MA傾き -4.00,週足13MAが下向き/判定不可,True,True,1,○,⑥ 13MAの＋乖離率10％以下,1,1,13MA乖離 -8.59%,過熱が10%以内,False,True,1,○,⑦ 日足BB +1σ以上 or -1σ以下,1,1,日足BB位置 -2σ〜-1σ,±1σ外側で動意あり,False,True,5,○,⑧★ 週足BB条件,5,5,週足BB位置 -2σ〜-1σ / BW 拡大,週足BB条件内,True,False,0,×,⑨ 日足MACD GC後 or 乖離,0,1,MACD -18.5250 / Signal -12.0993 / Hist -6.4257,日足MACDが弱い,False,False,0,×,⑩★ 週足MACD GC後,0,5,週MACD 11.5227 / Signal 23.4101,週足MACDがGC未達,True,False,0,×,⑪ 日足RSI 10以下 or 60以上,0,1,日足RSI 32.70,RSIが中立圏,False,False,0,×,⑫ 週足RSI 10以下 or 60以上,0,1,週足RSI 44.68,週足RSIが中立圏,False,False,0,×,⑬ 日足一目均衡表の雲より株価が上,0,1,日足雲上限 884.50 / 乖離 -11.02%,日足で雲上未達,False,True,5,○,⑭★ 週足一目均衡表の雲より株価が上,5,5,週足雲上限 770.51 / 乖離 +2.14%,週足で雲上,True,,,,,,決算予定未取得,JQUANTS_API_KEY未設定のため決算予定日を取得していません,156A0
13,365A,365A.T,伊澤タオル,2026-05-15,2026-05-15,710.0,710.0,17,34,50.0,5,3,False,⑤★ 週足13MAの傾きが正 / ⑥ 13MAの＋乖離率10％以下 / ⑧★ 週足BB条件 / ⑩★ 週足MACD GC後 / ⑬ 日足一目均衡表の雲より株価が上,④★ 週足13MA＞26MA＞52MA / ⑭★ 週足一目均衡表の雲より株価が上,4 / 14,https://kabutan.jp/stock/?code=365A,雲中/雲下/判定不可,711.6,714.56,-3.2,691.9,654.96,,2.13,2.62,-1σ〜中心線,736.61,708.59,+1σ〜+2σ,708.61,737.14,0.1678,0.1856,False,0.0776,0.0997,0.0789,0.1015,1,False,18.0,,日足BB2σ幅率10%以内が10営業日以上続いた後の、直近3営業日以内のBB拡大は確認できません。,47.7,True,ボラOK,50.73,49.73,5.8467,9.5051,-3.6584,22.3612,17.0462,5.315,669.52,662.0,6.05,,,,2026-05-15 19:30:48+0900,False,0,×,① 日足5MA＜株価,0,1,終値 710.00 / 5MA 711.60,株価が5MA以下,False,False,0,×,② 日足5MAの傾きが正,0,1,5MA傾き -3.20,短期線が下向き/横ばい未満,False,False,0,×,③ 日足5MA＞25MA,0,1,5MA 711.60 / 25MA 714.56,5MAが25MA以下,False,False,0,×,④★ 週足13MA＞26MA＞52MA,0,5,13MA 691.90 / 26MA 654.96 / 52MA 判定不可,週足MA配列が未成立,True,True,5,○,⑤★ 週足13MAの傾きが正,5,5,週13MA傾き 2.13,週足13MAが上向き,True,True,1,○,⑥ 13MAの＋乖離率10％以下,1,1,13MA乖離 +2.62%,過熱が10%以内,False,False,0,×,⑦ 日足BB +1σ以上 or -1σ以下,0,1,日足BB位置 -1σ〜中心線,±1σ内で動意は限定的,False,True,5,○,⑧★ 週足BB条件,5,5,週足BB位置 +1σ〜+2σ / BW 非拡大,週足BB条件内,True,False,0,×,⑨ 日足MACD GC後 or 乖離,0,1,MACD 5.8467 / Signal 9.5051 / Hist -3.6584,日足MACDが弱い,False,True,5,○,⑩★ 週足MACD GC後,5,5,週MACD 22.3612 / Signal 17.0462,週足MACDがGC後,True,False,0,×,⑪ 日足RSI 10以下 or 60以上,0,1,日足RSI 50.73,RSIが中立圏,False,False,0,×,⑫ 週足RSI 10以下 or 60以上,0,1,週足RSI 49.73,週足RSIが中立圏,False,True,1,○,⑬ 日足一目均衡表の雲より株価が上,1,1,日足雲上限 669.52 / 乖離 +6.05%,日足で雲上,False,False,0,×,⑭★ 週足一目均衡表の雲より株価が上,0,5,週足雲上限 判定不可 / 乖離 判定不可,週足で雲上未達,True,,,,,,決算予定未取得,JQUANTS_API_KEY未設定のため決算予定日を取得していません,365A0
14,6809,6809.T,ＴＯＡ,2026-05-15,2026-05-15,1605.0,1605.0,15,34,44.1,7,2,False,① 日足5MA＜株価 / ② 日足5MAの傾きが正 / ④★ 週足13MA＞26MA＞52MA / ⑥ 13MAの＋乖離率10％以下 / ⑦ 日足BB +1σ以上 or -1σ以下 / ⑨ 日足MACD GC後 or 乖離 / ⑭★ 週足一目均衡表の雲より株価が上,⑤★ 週足13MAの傾きが正 / ⑧★ 週足BB条件 / ⑩★ 週足MACD GC後,5 / 8 / 10,https://kabutan.jp/stock/?code=6809,雲上,1577.4,1725.2,7.2,1738.3,1681.66,1394.51,-12.1,-7.67,-2σ〜-1σ,1789.5,1616.7,-2σ〜-1σ,1794.97,1881.1,0.2016,0.2098,False,0.2029,0.1989,0.2153,0.2154,0,False,5.0,,日足BB2σ幅率10%以内が10営業日以上続いた後の、直近3営業日以内のBB拡大は確認できません。,25.06,False,ボラ不足,37.66,48.77,-49.7212,-32.8897,-16.8315,68.5748,107.8172,-39.2424,1783.52,1723.86,-10.01,1370.79,1242.74,17.09,2026-05-15 19:30:58+0900,True,1,○,① 日足5MA＜株価,1,1,"終値 1,605.00 / 5MA 1,577.40",株価が短期平均線を上回る,False,True,1,○,② 日足5MAの傾きが正,1,1,5MA傾き 7.20,短期線が上向き,False,False,0,×,③ 日足5MA＞25MA,0,1,"5MA 1,577.40 / 25MA 1,725.20",5MAが25MA以下,False,True,5,○,④★ 週足13MA＞26MA＞52MA,5,5,"13MA 1,738.30 / 26MA 1,681.66 / 52MA 1,394.51",週足の上昇配列,True,False,0,×,⑤★ 週足13MAの傾きが正,0,5,週13MA傾き -12.10,週足13MAが下向き/判定不可,True,True,1,○,⑥ 13MAの＋乖離率10％以下,1,1,13MA乖離 -7.67%,過熱が10%以内,False,True,1,○,⑦ 日足BB +1σ以上 or -1σ以下,1,1,日足BB位置 -2σ〜-1σ,±1σ外側で動意あり,False,False,0,×,⑧★ 週足BB条件,0,5,週足BB位置 -2σ〜-1σ / BW 非拡大,週足BB条件が未成立,True,True,1,○,⑨ 日足MACD GC後 or 乖離,1,1,MACD -49.7212 / Signal -32.8897 / Hist -16.8315,日足MACDは改善傾向,False,False,0,×,⑩★ 週足MACD GC後,0,5,週MACD 68.5748 / Signal 107.8172,週足MACDがGC未達,True,False,0,×,⑪ 日足RSI 10以下 or 60以上,0,1,日足RSI 37.66,RSIが中立圏,False,False,0,×,⑫ 週足RSI 10以下 or 60以上,0,1,週足RSI 48.77,週足RSIが中立圏,False,False,0,×,⑬ 日足一目均衡表の雲より株価が上,0,1,"日足雲上限 1,783.52 / 乖離 -10.01%",日足で雲上未達,False,True,5,○,⑭★ 週足一目均衡表の雲より株価が上,5,5,"週足雲上限 1,370.79 / 乖離 +17.09%",週足で雲上,True,,,,,,決算予定未取得,JQUANTS_API_KEY未設定のため決算予定日を取得していません,68090
15,300A,300A.T,ＭＩＣ,2026-05-15,2026-05-15,2950.0,2950.0,15,34,44.1,7,2,False,① 日足5MA＜株価 / ② 日足5MAの傾きが正 / ⑤★ 週足13MAの傾きが正 / ⑥ 13MAの＋乖離率10％以下 / ⑨ 日足MACD GC後 or 乖離 / ⑬ 日足一目均衡表の雲より株価が上 / ⑭★ 週足一目均衡表の雲より株価が上,④★ 週足13MA＞26MA＞52MA / ⑧★ 週足BB条件 / ⑩★ 週足MACD GC後,4 / 8 / 10,https://kabutan.jp/stock/?code=300A,雲上,2773.6,2869.88,33.6,2817.98,2909.44,2686.52,2.91,4.68,中心線〜+1σ,2995.74,2746.66,中心線〜+1σ,3027.95,3161.15,0.184,0.1862,False,0.1735,0.1721,0.1689,0.1896,0,False,58.0,,日足BB2σ幅率10%以内が10営業日以上続いた後の、直近3営業日以内のBB拡大は確認できません。,44.4,True,ボラOK,55.7,56.67,-20.5723,-9.9414,-10.6309,47.8552,67.3288,-19.4737,2867.16,2720.1,2.89,2665.51,2665.51,10.67,2026-05-15 19:30:51+0900,True,1,○,① 日足5MA＜株価,1,1,"終値 2,950.00 / 5MA 2,773.60",株価が短期平均線を上回る,False,True,1,○,② 日足5MAの傾きが正,1,1,5MA傾き 33.60,短期線が上向き,False,False,0,×,③ 日足5MA＞25MA,0,1,"5MA 2,773.60 / 25MA 2,869.88",5MAが25MA以下,False,False,0,×,④★ 週足13MA＞26MA＞52MA,0,5,"13MA 2,817.98 / 26MA 2,909.44 / 52MA 2,686.52",週足MA配列が未成立,True,True,5,○,⑤★ 週足13MAの傾きが正,5,5,週13MA傾き 2.91,週足13MAが上向き,True,True,1,○,⑥ 13MAの＋乖離率10％以下,1,1,13MA乖離 +4.68%,過熱が10%以内,False,False,0,×,⑦ 日足BB +1σ以上 or -1σ以下,0,1,日足BB位置 中心線〜+1σ,±1σ内で動意は限定的,False,False,0,×,⑧★ 週足BB条件,0,5,週足BB位置 中心線〜+1σ / BW 非拡大,週足BB条件が未成立,True,True,1,○,⑨ 日足MACD GC後 or 乖離,1,1,MACD -20.5723 / Signal -9.9414 / Hist -10.6309,日足MACDは改善傾向,False,False,0,×,⑩★ 週足MACD GC後,0,5,週MACD 47.8552 / Signal 67.3288,週足MACDがGC未達,True,False,0,×,⑪ 日足RSI 10以下 or 60以上,0,1,日足RSI 55.70,RSIが中立圏,False,False,0,×,⑫ 週足RSI 10以下 or 60以上,0,1,週足RSI 56.67,週足RSIが中立圏,False,True,1,○,⑬ 日足一目均衡表の雲より株価が上,1,1,"日足雲上限 2,867.16 / 乖離 +2.89%",日足で雲上,False,True,5,○,⑭★ 週足一目均衡表の雲より株価が上,5,5,"週足雲上限 2,665.51 / 乖離 +10.67%",週足で雲上,True,,,,,,決算予定未取得,JQUANTS_API_KEY未設定のため決算予定日を取得していません,300A0
16,9271,9271.T,和心,2026-05-15,2026-05-15,950.0,950.0,15,34,44.1,7,2,False,① 日足5MA＜株価 / ② 日足5MAの傾きが正 / ④★ 週足13MA＞26MA＞52MA / ⑥ 13MAの＋乖離率10％以下 / ⑦ 日足BB +1σ以上 or -1σ以下 / ⑨ 日足MACD GC後 or 乖離 / ⑭★ 週足一目均衡表の雲より株価が上,⑤★ 週足13MAの傾きが正 / ⑧★ 週足BB条件 / ⑩★ 週足MACD GC後,5 / 8 / 10,https://kabutan.jp/stock/?code=9271,雲上,890.8,912.6,7.2,997.85,933.73,807.79,-2.08,-4.79,+1σ〜+2σ,937.89,866.81,-1σ〜中心線,1072.49,1173.99,0.4181,0.4377,False,0.1576,0.1543,0.1497,0.1654,0,False,191.0,,日足BB2σ幅率10%以内が10営業日以上続いた後の、直近3営業日以内のBB拡大は確認できません。,82.72,True,ボラOK,54.61,52.29,-19.5716,-25.9762,6.4045,22.3004,44.9942,-22.6938,1097.5,1025.0,-13.44,875.0,736.5,8.57,2026-05-15 19:31:01+0900,True,1,○,① 日足5MA＜株価,1,1,終値 950.00 / 5MA 890.80,株価が短期平均線を上回る,False,True,1,○,② 日足5MAの傾きが正,1,1,5MA傾き 7.20,短期線が上向き,False,False,0,×,③ 日足5MA＞25MA,0,1,5MA 890.80 / 25MA 912.60,5MAが25MA以下,False,True,5,○,④★ 週足13MA＞26MA＞52MA,5,5,13MA 997.85 / 26MA 933.73 / 52MA 807.79,週足の上昇配列,True,False,0,×,⑤★ 週足13MAの傾きが正,0,5,週13MA傾き -2.08,週足13MAが下向き/判定不可,True,True,1,○,⑥ 13MAの＋乖離率10％以下,1,1,13MA乖離 -4.79%,過熱が10%以内,False,True,1,○,⑦ 日足BB +1σ以上 or -1σ以下,1,1,日足BB位置 +1σ〜+2σ,±1σ外側で動意あり,False,False,0,×,⑧★ 週足BB条件,0,5,週足BB位置 -1σ〜中心線 / BW 非拡大,週足BB条件が未成立,True,True,1,○,⑨ 日足MACD GC後 or 乖離,1,1,MACD -19.5716 / Signal -25.9762 / Hist 6.4045,日足MACDは改善傾向,False,False,0,×,⑩★ 週足MACD GC後,0,5,週MACD 22.3004 / Signal 44.9942,週足MACDがGC未達,True,False,0,×,⑪ 日足RSI 10以下 or 60以上,0,1,日足RSI 54.61,RSIが中立圏,False,False,0,×,⑫ 週足RSI 10以下 or 60以上,0,1,週足RSI 52.29,週足RSIが中立圏,False,False,0,×,⑬ 日足一目均衡表の雲より株価が上,0,1,"日足雲上限 1,097.50 / 乖離 -13.44%",日足で雲上未達,False,True,5,○,⑭★ 週足一目均衡表の雲より株価が上,5,5,週足雲上限 875.00 / 乖離 +8.57%,週足で雲上,True,,,,,,決算予定未取得,JQUANTS_API_KEY未設定のため決算予定日を取得していません,92710
17,9252,9252.T,ラストワンマイル,2026-05-15,2026-05-15,3865.0,3865.0,13,34,38.2,5,2,False,① 日足5MA＜株価 / ④★ 週足13MA＞26MA＞52MA / ⑥ 13MAの＋乖離率10％以下 / ⑨ 日足MACD GC後 or 乖離 / ⑭★ 週足一目均衡表の雲より株価が上,⑤★ 週足13MAの傾きが正 / ⑧★ 週足BB条件 / ⑩★ 週足MACD GC後,5 / 8 / 10,https://kabutan.jp/stock/?code=9252,雲上,3862.0,3899.2,-23.0,4102.46,4041.22,3947.98,-27.02,-5.79,-1σ〜中心線,3927.4,3824.1,-2σ〜-1σ,4422.03,4684.61,0.2525,0.2541,False,0.0533,0.059,0.0535,0.0595,12,False,149.0,,日足BB2σ幅率10%以内が10営業日以上続いた後の、直近3営業日以内のBB拡大は確認できません。,48.98,True,ボラOK,43.7,45.43,-47.0549,-56.0079,8.953,0.3009,54.4046,-54.1037,4306.31,4188.75,-10.25,3795.62,3409.82,1.83,2026-05-15 19:30:56+0900,True,1,○,① 日足5MA＜株価,1,1,"終値 3,865.00 / 5MA 3,862.00",株価が短期平均線を上回る,False,False,0,×,② 日足5MAの傾きが正,0,1,5MA傾き -23.00,短期線が下向き/横ばい未満,False,False,0,×,③ 日足5MA＞25MA,0,1,"5MA 3,862.00 / 25MA 3,899.20",5MAが25MA以下,False,True,5,○,④★ 週足13MA＞26MA＞52MA,5,5,"13MA 4,102.46 / 26MA 4,041.22 / 52MA 3,947.98",週足の上昇配列,True,False,0,×,⑤★ 週足13MAの傾きが正,0,5,週13MA傾き -27.02,週足13MAが下向き/判定不可,True,True,1,○,⑥ 13MAの＋乖離率10％以下,1,1,13MA乖離 -5.79%,過熱が10%以内,False,False,0,×,⑦ 日足BB +1σ以上 or -1σ以下,0,1,日足BB位置 -1σ〜中心線,±1σ内で動意は限定的,False,False,0,×,⑧★ 週足BB条件,0,5,週足BB位置 -2σ〜-1σ / BW 非拡大,週足BB条件が未成立,True,True,1,○,⑨ 日足MACD GC後 or 乖離,1,1,MACD -47.0549 / Signal -56.0079 / Hist 8.9530,日足MACDは改善傾向,False,False,0,×,⑩★ 週足MACD GC後,0,5,週MACD 0.3009 / Signal 54.4046,週足MACDがGC未達,True,False,0,×,⑪ 日足RSI 10以下 or 60以上,0,1,日足RSI 43.70,RSIが中立圏,False,False,0,×,⑫ 週足RSI 10以下 or 60以上,0,1,週足RSI 45.43,週足RSIが中立圏,False,False,0,×,⑬ 日足一目均衡表の雲より株価が上,0,1,"日足雲上限 4,306.31 / 乖離 -10.25%",日足で雲上未達,False,True,5,○,⑭★ 週足一目均衡表の雲より株価が上,5,5,"週足雲上限 3,795.62 / 乖離 +1.83%",週足で雲上,True,,,,,,決算予定未取得,JQUANTS_API_KEY未設定のため決算予定日を取得していません,92520
18,5885,5885.T,ジーデップ・アドバンス,2026-05-15,2026-05-15,2875.0,2875.0,13,34,38.2,5,2,False,③ 日足5MA＞25MA / ⑤★ 週足13MAの傾きが正 / ⑥ 13MAの＋乖離率10％以下 / ⑦ 日足BB +1σ以上 or -1σ以下 / ⑩★ 週足MACD GC後,④★ 週足13MA＞26MA＞52MA / ⑧★ 週足BB条件 / ⑭★ 週足一目均衡表の雲より株価が上,4 / 8 / 14,https://kabutan.jp/stock/?code=5885,雲中/雲下/判定不可,2988.0,2974.6,-39.0,2915.38,2878.58,2911.04,1.15,-1.39,-2σ以下,3035.36,2928.94,-1σ〜中心線,3021.85,3132.55,0.1521,0.1621,False,0.0714,0.0638,0.074,0.065,10,False,351.0,,日足BB2σ幅率10%以内が10営業日以上続いた後の、直近3営業日以内のBB拡大は確認できません。,52.92,True,ボラOK,44.42,49.3,16.3354,29.6904,-13.355,29.8681,25.3767,4.4914,2905.0,2839.25,-1.03,2905.51,2542.36,-1.05,2026-05-15 19:30:56+0900,False,0,×,① 日足5MA＜株価,0,1,"終値 2,875.00 / 5MA 2,988.00",株価が5MA以下,False,False,0,×,② 日足5MAの傾きが正,0,1,5MA傾き -39.00,短期線が下向き/横ばい未満,False,True,1,○,③ 日足5MA＞25MA,1,1,"5MA 2,988.00 / 25MA 2,974.60",短期線が中期線を上回る,False,False,0,×,④★ 週足13MA＞26MA＞52MA,0,5,"13MA 2,915.38 / 26MA 2,878.58 / 52MA 2,911.04",週足MA配列が未成立,True,True,5,○,⑤★ 週足13MAの傾きが正,5,5,週13MA傾き 1.15,週足13MAが上向き,True,True,1,○,⑥ 13MAの＋乖離率10％以下,1,1,13MA乖離 -1.39%,過熱が10%以内,False,True,1,○,⑦ 日足BB +1σ以上 or -1σ以下,1,1,日足BB位置 -2σ以下,±1σ外側で動意あり,False,False,0,×,⑧★ 週足BB条件,0,5,週足BB位置 -1σ〜中心線 / BW 非拡大,週足BB条件が未成立,True,False,0,×,⑨ 日足MACD GC後 or 乖離,0,1,MACD 16.3354 / Signal 29.6904 / Hist -13.3550,日足MACDが弱い,False,True,5,○,⑩★ 週足MACD GC後,5,5,週MACD 29.8681 / Signal 25.3767,週足MACDがGC後,True,False,0,×,⑪ 日足RSI 10以下 or 60以上,0,1,日足RSI 44.42,RSIが中立圏,False,False,0,×,⑫ 週足RSI 10以下 or 60以上,0,1,週足RSI 49.30,週足RSIが中立圏,False,False,0,×,⑬ 日足一目均衡表の雲より株価が上,0,1,"日足雲上限 2,905.00 / 乖離 -1.03%",日足で雲上未達,False,False,0,×,⑭★ 週足一目均衡表の雲より株価が上,0,5,"週足雲上限 2,905.51 / 乖離 -1.05%",週足で雲上未達,True,,,,,,決算予定未取得,JQUANTS_API_KEY未設定のため決算予定日を取得していません,58850
19,3984,3984.T,ユーザーローカル,2026-05-15,2026-05-15,1702.0,1702.0,13,34,38.2,5,2,False,③ 日足5MA＞25MA / ⑤★ 週足13MAの傾きが正 / ⑥ 13MAの＋乖離率10％以下 / ⑨ 日足MACD GC後 or 乖離 / ⑩★ 週足MACD GC後,④★ 週足13MA＞26MA＞52MA / ⑧★ 週足BB条件 / ⑭★ 週足一目均衡表の雲より株価が上,4 / 8 / 14,https://kabutan.jp/stock/?code=3984,雲中/雲下/判定不可,1736.6,1588.2,-18.2,1563.15,1729.92,1824.78,5.31,8.88,中心線〜+1σ,1708.53,1521.17,中心線〜+1σ,1865.12,2055.93,0.4559,0.4694,False,0.232,0.245,0.2202,0.2309,0,False,68.0,,日足BB2σ幅率10%以内が10営業日以上続いた後の、直近3営業日以内のBB拡大は確認できません。,53.13,True,ボラOK,59.36,50.36,54.6536,40.719,13.9346,-65.8813,-86.9052,21.0239,1703.5,1463.75,-0.09,1964.78,1742.03,-13.37,2026-05-15 19:31:01+0900,False,0,×,① 日足5MA＜株価,0,1,"終値 1,702.00 / 5MA 1,736.60",株価が5MA以下,False,False,0,×,② 日足5MAの傾きが正,0,1,5MA傾き -18.20,短期線が下向き/横ばい未満,False,True,1,○,③ 日足5MA＞25MA,1,1,"5MA 1,736.60 / 25MA 1,588.20",短期線が中期線を上回る,False,False,0,×,④★ 週足13MA＞26MA＞52MA,0,5,"13MA 1,563.15 / 26MA 1,729.92 / 52MA 1,824.78",週足MA配列が未成立,True,True,5,○,⑤★ 週足13MAの傾きが正,5,5,週13MA傾き 5.31,週足13MAが上向き,True,True,1,○,⑥ 13MAの＋乖離率10％以下,1,1,13MA乖離 +8.88%,過熱が10%以内,False,False,0,×,⑦ 日足BB +1σ以上 or -1σ以下,0,1,日足BB位置 中心線〜+1σ,±1σ内で動意は限定的,False,False,0,×,⑧★ 週足BB条件,0,5,週足BB位置 中心線〜+1σ / BW 非拡大,週足BB条件が未成立,True,True,1,○,⑨ 日足MACD GC後 or 乖離,1,1,MACD 54.6536 / Signal 40.7190 / Hist 13.9346,日足MACDは改善傾向,False,True,5,○,⑩★ 週足MACD GC後,5,5,週MACD -65.8813 / Signal -86.9052,週足MACDがGC後,True,False,0,×,⑪ 日足RSI 10以下 or 60以上,0,1,日足RSI 59.36,RSIが中立圏,False,False,0,×,⑫ 週足RSI 10以下 or 60以上,0,1,週足RSI 50.36,週足RSIが中立圏,False,False,0,×,⑬ 日足一目均衡表の雲より株価が上,0,1,"日足雲上限 1,703.50 / 乖離 -0.09%",日足で雲上未達,False,False,0,×,⑭★ 週足一目均衡表の雲より株価が上,0,5,"週足雲上限 1,964.78 / 乖離 -13.37%",週足で雲上未達,True,,,,,,決算予定未取得,JQUANTS_API_KEY未設定のため決算予定日を取得していません,39840
20,9272,9272.T,ブティックス,2026-05-15,2026-05-15,1380.0,1380.0,12,34,35.3,4,2,False,④★ 週足13MA＞26MA＞52MA / ⑥ 13MAの＋乖離率10％以下 / ⑦ 日足BB +1σ以上 or -1σ以下 / ⑧★ 週足BB条件,⑤★ 週足13MAの傾きが正 / ⑩★ 週足MACD GC後 / ⑭★ 週足一目均衡表の雲より株価が上,5 / 10 / 14,https://kabutan.jp/stock/?code=9272,雲中/雲下/判定不可,1565.6,1597.12,-42.4,1558.08,1484.15,1435.56,-11.69,-11.43,-2σ以下,1667.92,1531.78,-2σ〜-1σ,1598.71,1682.82,0.2221,0.2146,True,0.1702,0.1155,0.1973,0.1269,0,False,58.0,,日足BB2σ幅率10%以内が10営業日以上続いた後の、直近3営業日以内のBB拡大は確認できません。,37.45,True,ボラOK,33.63,41.45,-7.5899,13.9828,-21.5727,28.5179,37.753,-9.2351,1535.0,1525.75,-10.1,1453.25,1438.5,-5.04,2026-05-15 19:30:53+0900,False,0,×,① 日足5MA＜株価,0,1,"終値 1,380.00 / 5MA 1,565.60",株価が5MA以下,False,False,0,×,② 日足5MAの傾きが正,0,1,5MA傾き -42.40,短期線が下向き/横ばい未満,False,False,0,×,③ 日足5MA＞25MA,0,1,"5MA 1,565.60 / 25MA 1,597.12",5MAが25MA以下,False,True,5,○,④★ 週足13MA＞26MA＞52MA,5,5,"13MA 1,558.08 / 26MA 1,484.15 / 52MA 1,435.56",週足の上昇配列,True,False,0,×,⑤★ 週足13MAの傾きが正,0,5,週13MA傾き -11.69,週足13MAが下向き/判定不可,True,True,1,○,⑥ 13MAの＋乖離率10％以下,1,1,13MA乖離 -11.43%,過熱が10%以内,False,True,1,○,⑦ 日足BB +1σ以上 or -1σ以下,1,1,日足BB位置 -2σ以下,±1σ外側で動意あり,False,True,5,○,⑧★ 週足BB条件,5,5,週足BB位置 -2σ〜-1σ / BW 拡大,週足BB条件内,True,False,0,×,⑨ 日足MACD GC後 or 乖離,0,1,MACD -7.5899 / Signal 13.9828 / Hist -21.5727,日足MACDが弱い,False,False,0,×,⑩★ 週足MACD GC後,0,5,週MACD 28.5179 / Signal 37.7530,週足MACDがGC未達,True,False,0,×,⑪ 日足RSI 10以下 or 60以上,0,1,日足RSI 33.63,RSIが中立圏,False,False,0,×,⑫ 週足RSI 10以下 or 60以上,0,1,週足RSI 41.45,週足RSIが中立圏,False,False,0,×,⑬ 日足一目均衡表の雲より株価が上,0,1,"日足雲上限 1,535.00 / 乖離 -10.10%",日足で雲上未達,False,False,0,×,⑭★ 週足一目均衡表の雲より株価が上,0,5,"週足雲上限 1,453.25 / 乖離 -5.04%",週足で雲上未達,True,,,,,,決算予定未取得,JQUANTS_API_KEY未設定のため決算予定日を取得していません,92720
21,9211,9211.T,エフ・コード,2026-05-15,2026-05-15,1425.0,1425.0,12,34,35.3,4,2,False,⑥ 13MAの＋乖離率10％以下 / ⑦ 日足BB +1σ以上 or -1σ以下 / ⑧★ 週足BB条件 / ⑩★ 週足MACD GC後,④★ 週足13MA＞26MA＞52MA / ⑤★ 週足13MAの傾きが正 / ⑭★ 週足一目均衡表の雲より株価が上,4 / 5 / 14,https://kabutan.jp/stock/?code=9211,雲中/雲下/判定不可,1504.4,1518.56,-24.6,1521.23,1531.96,1866.33,-12.69,-6.33,-2σ〜-1σ,1567.09,1466.01,-2σ〜-1σ,1597.68,1659.66,0.1614,0.1489,True,0.1333,0.1212,0.1419,0.1269,0,False,697.0,,日足BB2σ幅率10%以内が10営業日以上続いた後の、直近3営業日以内のBB拡大は確認できません。,55.26,True,ボラOK,40.33,40.58,-10.3214,-4.507,-5.8144,-80.707,-89.8983,9.1914,1528.0,1477.0,-6.74,2255.5,2060.5,-36.82,2026-05-15 19:30:54+0900,False,0,×,① 日足5MA＜株価,0,1,"終値 1,425.00 / 5MA 1,504.40",株価が5MA以下,False,False,0,×,② 日足5MAの傾きが正,0,1,5MA傾き -24.60,短期線が下向き/横ばい未満,False,False,0,×,③ 日足5MA＞25MA,0,1,"5MA 1,504.40 / 25MA 1,518.56",5MAが25MA以下,False,False,0,×,④★ 週足13MA＞26MA＞52MA,0,5,"13MA 1,521.23 / 26MA 1,531.96 / 52MA 1,866.33",週足MA配列が未成立,True,False,0,×,⑤★ 週足13MAの傾きが正,0,5,週13MA傾き -12.69,週足13MAが下向き/判定不可,True,True,1,○,⑥ 13MAの＋乖離率10％以下,1,1,13MA乖離 -6.33%,過熱が10%以内,False,True,1,○,⑦ 日足BB +1σ以上 or -1σ以下,1,1,日足BB位置 -2σ〜-1σ,±1σ外側で動意あり,False,True,5,○,⑧★ 週足BB条件,5,5,週足BB位置 -2σ〜-1σ / BW 拡大,週足BB条件内,True,False,0,×,⑨ 日足MACD GC後 or 乖離,0,1,MACD -10.3214 / Signal -4.5070 / Hist -5.8144,日足MACDが弱い,False,True,5,○,⑩★ 週足MACD GC後,5,5,週MACD -80.7070 / Signal -89.8983,週足MACDがGC後,True,False,0,×,⑪ 日足RSI 10以下 or 60以上,0,1,日足RSI 40.33,RSIが中立圏,False,False,0,×,⑫ 週足RSI 10以下 or 60以上,0,1,週足RSI 40.58,週足RSIが中立圏,False,False,0,×,⑬ 日足一目均衡表の雲より株価が上,0,1,"日足雲上限 1,528.00 / 乖離 -6.74%",日足で雲上未達,False,False,0,×,⑭★ 週足一目均衡表の雲より株価が上,0,5,"週足雲上限 2,255.50 / 乖離 -36.82%",週足で雲上未達,True,,,,,,決算予定未取得,JQUANTS_API_KEY未設定のため決算予定日を取得していません,92110
22,4374,4374.T,ＲＯＢＯＴ　ＰＡＹＭＥＮＴ,2026-05-15,2026-05-15,2375.0,2375.0,11,34,32.4,7,1,False,① 日足5MA＜株価 / ② 日足5MAの傾きが正 / ③ 日足5MA＞25MA / ⑤★ 週足13MAの傾きが正 / ⑥ 13MAの＋乖離率10％以下 / ⑦ 日足BB +1σ以上 or -1σ以下 / ⑨ 日足MACD GC後 or 乖離,④★ 週足13MA＞26MA＞52MA / ⑧★ 週足BB条件 / ⑩★ 週足MACD GC後 / ⑭★ 週足一目均衡表の雲より株価が上,4 / 8 / 10 / 14,https://kabutan.jp/stock/?code=4374,雲中/雲下/判定不可,2364.0,2304.88,14.8,2368.31,2582.1,2670.31,8.23,0.28,+1σ〜+2σ,2356.45,2235.65,-1σ〜中心線,2661.07,2868.83,0.3388,0.3816,False,0.1052,0.1006,0.1017,0.0972,0,True,0.0,BBスクイーズブレイク,日足BB2σ幅率が10%以内の状態が10営業日以上続いた後、BB幅が拡大しました。ブレイクから0営業日目です。,54.23,True,ボラOK,54.59,44.63,2.4457,-18.1518,20.5975,-120.5485,-111.9137,-8.6348,2463.0,2407.75,-3.57,2933.5,2545.14,-19.04,2026-05-15 19:31:01+0900,True,1,○,① 日足5MA＜株価,1,1,"終値 2,375.00 / 5MA 2,364.00",株価が短期平均線を上回る,False,True,1,○,② 日足5MAの傾きが正,1,1,5MA傾き 14.80,短期線が上向き,False,True,1,○,③ 日足5MA＞25MA,1,1,"5MA 2,364.00 / 25MA 2,304.88",短期線が中期線を上回る,False,False,0,×,④★ 週足13MA＞26MA＞52MA,0,5,"13MA 2,368.31 / 26MA 2,582.10 / 52MA 2,670.31",週足MA配列が未成立,True,True,5,○,⑤★ 週足13MAの傾きが正,5,5,週13MA傾き 8.23,週足13MAが上向き,True,True,1,○,⑥ 13MAの＋乖離率10％以下,1,1,13MA乖離 +0.28%,過熱が10%以内,False,True,1,○,⑦ 日足BB +1σ以上 or -1σ以下,1,1,日足BB位置 +1σ〜+2σ,±1σ外側で動意あり,False,False,0,×,⑧★ 週足BB条件,0,5,週足BB位置 -1σ〜中心線 / BW 非拡大,週足BB条件が未成立,True,True,1,○,⑨ 日足MACD GC後 or 乖離,1,1,MACD 2.4457 / Signal -18.1518 / Hist 20.5975,日足MACDは改善傾向,False,False,0,×,⑩★ 週足MACD GC後,0,5,週MACD -120.5485 / Signal -111.9137,週足MACDがGC未達,True,False,0,×,⑪ 日足RSI 10以下 or 60以上,0,1,日足RSI 54.59,RSIが中立圏,False,False,0,×,⑫ 週足RSI 10以下 or 60以上,0,1,週足RSI 44.63,週足RSIが中立圏,False,False,0,×,⑬ 日足一目均衡表の雲より株価が上,0,1,"日足雲上限 2,463.00 / 乖離 -3.57%",日足で雲上未達,False,False,0,×,⑭★ 週足一目均衡表の雲より株価が上,0,5,"週足雲上限 2,933.50 / 乖離 -19.04%",週足で雲上未達,True,,,,,,決算予定未取得,JQUANTS_API_KEY未設定のため決算予定日を取得していません,43740
23,4168,4168.T,ヤプリ,2026-05-15,2026-05-15,731.0,731.0,9,34,26.5,5,1,False,② 日足5MAの傾きが正 / ③ 日足5MA＞25MA / ⑥ 13MAの＋乖離率10％以下 / ⑨ 日足MACD GC後 or 乖離 / ⑩★ 週足MACD GC後,④★ 週足13MA＞26MA＞52MA / ⑤★ 週足13MAの傾きが正 / ⑧★ 週足BB条件 / ⑭★ 週足一目均衡表の雲より株価が上,4 / 5 / 8 / 14,https://kabutan.jp/stock/?code=4168,雲中/雲下/判定不可,737.8,716.4,0.6,714.08,783.91,856.53,-3.62,2.37,中心線〜+1σ,735.07,705.33,-1σ〜中心線,811.98,870.31,0.3096,0.3211,False,0.0826,0.0949,0.0814,0.0895,13,True,1.0,BBスクイーズブレイク,日足BB2σ幅率が10%以内の状態が10営業日以上続いた後、BB幅が拡大しました。ブレイクから1営業日目です。,61.48,True,ボラOK,53.55,42.57,7.2105,3.8016,3.4089,-44.0485,-47.8568,3.8083,759.0,701.75,-3.69,996.52,923.57,-26.64,2026-05-15 19:30:52+0900,False,0,×,① 日足5MA＜株価,0,1,終値 731.00 / 5MA 737.80,株価が5MA以下,False,True,1,○,② 日足5MAの傾きが正,1,1,5MA傾き 0.60,短期線が上向き,False,True,1,○,③ 日足5MA＞25MA,1,1,5MA 737.80 / 25MA 716.40,短期線が中期線を上回る,False,False,0,×,④★ 週足13MA＞26MA＞52MA,0,5,13MA 714.08 / 26MA 783.91 / 52MA 856.53,週足MA配列が未成立,True,False,0,×,⑤★ 週足13MAの傾きが正,0,5,週13MA傾き -3.62,週足13MAが下向き/判定不可,True,True,1,○,⑥ 13MAの＋乖離率10％以下,1,1,13MA乖離 +2.37%,過熱が10%以内,False,False,0,×,⑦ 日足BB +1σ以上 or -1σ以下,0,1,日足BB位置 中心線〜+1σ,±1σ内で動意は限定的,False,False,0,×,⑧★ 週足BB条件,0,5,週足BB位置 -1σ〜中心線 / BW 非拡大,週足BB条件が未成立,True,True,1,○,⑨ 日足MACD GC後 or 乖離,1,1,MACD 7.2105 / Signal 3.8016 / Hist 3.4089,日足MACDは改善傾向,False,True,5,○,⑩★ 週足MACD GC後,5,5,週MACD -44.0485 / Signal -47.8568,週足MACDがGC後,True,False,0,×,⑪ 日足RSI 10以下 or 60以上,0,1,日足RSI 53.55,RSIが中立圏,False,False,0,×,⑫ 週足RSI 10以下 or 60以上,0,1,週足RSI 42.57,週足RSIが中立圏,False,False,0,×,⑬ 日足一目均衡表の雲より株価が上,0,1,日足雲上限 759.00 / 乖離 -3.69%,日足で雲上未達,False,False,0,×,⑭★ 週足一目均衡表の雲より株価が上,0,5,週足雲上限 996.52 / 乖離 -26.64%,週足で雲上未達,True,,,,,,決算予定未取得,JQUANTS_API_KEY未設定のため決算予定日を取得していません,41680
24,4440,4440.T,ヴィッツ,2026-05-15,2026-05-15,1154.0,1154.0,8,34,23.5,4,1,False,④★ 週足13MA＞26MA＞52MA / ⑥ 13MAの＋乖離率10％以下 / ⑦ 日足BB +1σ以上 or -1σ以下 / ⑨ 日足MACD GC後 or 乖離,⑤★ 週足13MAの傾きが正 / ⑧★ 週足BB条件 / ⑩★ 週足MACD GC後 / ⑭★ 週足一目均衡表の雲より株価が上,5 / 8 / 10 / 14,https://kabutan.jp/stock/?code=4440,雲中/雲下/判定不可,1186.6,1279.04,-7.2,1401.23,1335.81,1283.9,-17.15,-17.64,-2σ〜-1σ,1266.88,1172.12,-2σ〜-1σ,1572.62,1731.25,0.4487,0.4666,False,0.1554,0.1475,0.1642,0.1548,0,False,168.0,,日足BB2σ幅率10%以内が10営業日以上続いた後の、直近3営業日以内のBB拡大は確認できません。,72.17,True,ボラOK,34.68,39.67,-67.2294,-71.4277,4.1984,-7.4,42.3503,-49.7503,1547.0,1505.25,-25.4,1214.53,1098.11,-4.98,2026-05-15 19:30:55+0900,False,0,×,① 日足5MA＜株価,0,1,"終値 1,154.00 / 5MA 1,186.60",株価が5MA以下,False,False,0,×,② 日足5MAの傾きが正,0,1,5MA傾き -7.20,短期線が下向き/横ばい未満,False,False,0,×,③ 日足5MA＞25MA,0,1,"5MA 1,186.60 / 25MA 1,279.04",5MAが25MA以下,False,True,5,○,④★ 週足13MA＞26MA＞52MA,5,5,"13MA 1,401.23 / 26MA 1,335.81 / 52MA 1,283.90",週足の上昇配列,True,False,0,×,⑤★ 週足13MAの傾きが正,0,5,週13MA傾き -17.15,週足13MAが下向き/判定不可,True,True,1,○,⑥ 13MAの＋乖離率10％以下,1,1,13MA乖離 -17.64%,過熱が10%以内,False,True,1,○,⑦ 日足BB +1σ以上 or -1σ以下,1,1,日足BB位置 -2σ〜-1σ,±1σ外側で動意あり,False,False,0,×,⑧★ 週足BB条件,0,5,週足BB位置 -2σ〜-1σ / BW 非拡大,週足BB条件が未成立,True,True,1,○,⑨ 日足MACD GC後 or 乖離,1,1,MACD -67.2294 / Signal -71.4277 / Hist 4.1984,日足MACDは改善傾向,False,False,0,×,⑩★ 週足MACD GC後,0,5,週MACD -7.4000 / Signal 42.3503,週足MACDがGC未達,True,False,0,×,⑪ 日足RSI 10以下 or 60以上,0,1,日足RSI 34.68,RSIが中立圏,False,False,0,×,⑫ 週足RSI 10以下 or 60以上,0,1,週足RSI 39.67,週足RSIが中立圏,False,False,0,×,⑬ 日足一目均衡表の雲より株価が上,0,1,"日足雲上限 1,547.00 / 乖離 -25.40%",日足で雲上未達,False,False,0,×,⑭★ 週足一目均衡表の雲より株価が上,0,5,"週足雲上限 1,214.53 / 乖離 -4.98%",週足で雲上未達,True,,,,,,決算予定未取得,JQUANTS_API_KEY未設定のため決算予定日を取得していません,44400
25,339A,339A.T,プログレス・テクノロジーズ　グループ,2026-05-15,2026-05-15,996.0,996.0,8,34,23.5,4,1,False,⑥ 13MAの＋乖離率10％以下 / ⑦ 日足BB +1σ以上 or -1σ以下 / ⑧★ 週足BB条件 / ⑨ 日足MACD GC後 or 乖離,④★ 週足13MA＞26MA＞52MA / ⑤★ 週足13MAの傾きが正 / ⑩★ 週足MACD GC後 / ⑭★ 週足一目均衡表の雲より株価が上,4 / 5 / 10 / 14,https://kabutan.jp/stock/?code=339A,雲中/雲下/判定不可,1012.2,1133.36,-9.4,1271.81,1266.73,1276.59,-35.23,-21.69,-2σ〜-1σ,1160.41,999.49,-2σ〜-1σ,1486.98,1658.77,0.5225,0.4819,True,0.298,0.3467,0.3231,0.3814,0,False,145.0,,日足BB2σ幅率10%以内が10営業日以上続いた後の、直近3営業日以内のBB拡大は確認できません。,57.12,True,ボラOK,26.59,28.95,-81.7995,-84.2785,2.479,-60.2063,-11.2,-49.0063,1415.3,1412.25,-29.63,1268.69,1268.69,-21.49,2026-05-15 19:30:57+0900,False,0,×,① 日足5MA＜株価,0,1,"終値 996.00 / 5MA 1,012.20",株価が5MA以下,False,False,0,×,② 日足5MAの傾きが正,0,1,5MA傾き -9.40,短期線が下向き/横ばい未満,False,False,0,×,③ 日足5MA＞25MA,0,1,"5MA 1,012.20 / 25MA 1,133.36",5MAが25MA以下,False,False,0,×,④★ 週足13MA＞26MA＞52MA,0,5,"13MA 1,271.81 / 26MA 1,266.73 / 52MA 1,276.59",週足MA配列が未成立,True,False,0,×,⑤★ 週足13MAの傾きが正,0,5,週13MA傾き -35.23,週足13MAが下向き/判定不可,True,True,1,○,⑥ 13MAの＋乖離率10％以下,1,1,13MA乖離 -21.69%,過熱が10%以内,False,True,1,○,⑦ 日足BB +1σ以上 or -1σ以下,1,1,日足BB位置 -2σ〜-1σ,±1σ外側で動意あり,False,True,5,○,⑧★ 週足BB条件,5,5,週足BB位置 -2σ〜-1σ / BW 拡大,週足BB条件内,True,True,1,○,⑨ 日足MACD GC後 or 乖離,1,1,MACD -81.7995 / Signal -84.2785 / Hist 2.4790,日足MACDは改善傾向,False,False,0,×,⑩★ 週足MACD GC後,0,5,週MACD -60.2063 / Signal -11.2000,週足MACDがGC未達,True,False,0,×,⑪ 日足RSI 10以下 or 60以上,0,1,日足RSI 26.59,RSIが中立圏,False,False,0,×,⑫ 週足RSI 10以下 or 60以上,0,1,週足RSI 28.95,週足RSIが中立圏,False,False,0,×,⑬ 日足一目均衡表の雲より株価が上,0,1,"日足雲上限 1,415.30 / 乖離 -29.63%",日足で雲上未達,False,False,0,×,⑭★ 週足一目均衡表の雲より株価が上,0,5,"週足雲上限 1,268.69 / 乖離 -21.49%",週足で雲上未達,True,,,,,,決算予定未取得,JQUANTS_API_KEY未設定のため決算予定日を取得していません,339A0
26,7383,7383.T,ネットプロテクションズホールディングス,2026-05-15,2026-05-15,437.0,437.0,8,34,23.5,4,1,False,③ 日足5MA＞25MA / ⑥ 13MAの＋乖離率10％以下 / ⑨ 日足MACD GC後 or 乖離 / ⑩★ 週足MACD GC後,④★ 週足13MA＞26MA＞52MA / ⑤★ 週足13MAの傾きが正 / ⑧★ 週足BB条件 / ⑭★ 週足一目均衡表の雲より株価が上,4 / 5 / 8 / 14,https://kabutan.jp/stock/?code=7383,雲中/雲下/判定不可,439.4,432.04,-0.2,440.77,487.58,617.5,-1.92,-0.86,-1σ〜中心線,450.67,424.43,-1σ〜中心線,523.66,584.92,0.5299,0.5479,False,0.1199,0.1299,0.1201,0.1288,0,False,297.0,,日足BB2σ幅率10%以内が10営業日以上続いた後の、直近3営業日以内のBB拡大は確認できません。,151.52,True,ボラOK,52.15,42.6,3.9869,3.0585,0.9284,-53.5269,-59.7674,6.2405,440.0,398.5,-0.68,767.5,659.0,-43.06,2026-05-15 19:30:53+0900,False,0,×,① 日足5MA＜株価,0,1,終値 437.00 / 5MA 439.40,株価が5MA以下,False,False,0,×,② 日足5MAの傾きが正,0,1,5MA傾き -0.20,短期線が下向き/横ばい未満,False,True,1,○,③ 日足5MA＞25MA,1,1,5MA 439.40 / 25MA 432.04,短期線が中期線を上回る,False,False,0,×,④★ 週足13MA＞26MA＞52MA,0,5,13MA 440.77 / 26MA 487.58 / 52MA 617.50,週足MA配列が未成立,True,False,0,×,⑤★ 週足13MAの傾きが正,0,5,週13MA傾き -1.92,週足13MAが下向き/判定不可,True,True,1,○,⑥ 13MAの＋乖離率10％以下,1,1,13MA乖離 -0.86%,過熱が10%以内,False,False,0,×,⑦ 日足BB +1σ以上 or -1σ以下,0,1,日足BB位置 -1σ〜中心線,±1σ内で動意は限定的,False,False,0,×,⑧★ 週足BB条件,0,5,週足BB位置 -1σ〜中心線 / BW 非拡大,週足BB条件が未成立,True,True,1,○,⑨ 日足MACD GC後 or 乖離,1,1,MACD 3.9869 / Signal 3.0585 / Hist 0.9284,日足MACDは改善傾向,False,True,5,○,⑩★ 週足MACD GC後,5,5,週MACD -53.5269 / Signal -59.7674,週足MACDがGC後,True,False,0,×,⑪ 日足RSI 10以下 or 60以上,0,1,日足RSI 52.15,RSIが中立圏,False,False,0,×,⑫ 週足RSI 10以下 or 60以上,0,1,週足RSI 42.60,週足RSIが中立圏,False,False,0,×,⑬ 日足一目均衡表の雲より株価が上,0,1,日足雲上限 440.00 / 乖離 -0.68%,日足で雲上未達,False,False,0,×,⑭★ 週足一目均衡表の雲より株価が上,0,5,週足雲上限 767.50 / 乖離 -43.06%,週足で雲上未達,True,,,,,,決算予定未取得,JQUANTS_API_KEY未設定のため決算予定日を取得していません,73830
27,9166,9166.T,ＧＥＮＤＡ,2026-05-15,2026-05-15,488.0,488.0,8,34,23.5,4,1,False,⑥ 13MAの＋乖離率10％以下 / ⑦ 日足BB +1σ以上 or -1σ以下 / ⑧★ 週足BB条件 / ⑨ 日足MACD GC後 or 乖離,④★ 週足13MA＞26MA＞52MA / ⑤★ 週足13MAの傾きが正 / ⑩★ 週足MACD GC後 / ⑭★ 週足一目均衡表の雲より株価が上,4 / 5 / 10 / 14,https://kabutan.jp/stock/?code=9166,雲中/雲下/判定不可,497.0,571.76,-8.6,597.77,661.62,758.15,-15.0,-18.36,-2σ〜-1σ,615.62,509.78,-2σ〜-1σ,729.66,814.76,0.5282,0.477,True,0.3762,0.3591,0.4338,0.4213,0,False,,,日足BB2σ幅率10%以内が10営業日以上続いた後の、直近3営業日以内のBB拡大は確認できません。,81.5,True,ボラOK,29.64,33.82,-32.993,-25.1631,-7.8299,-67.3626,-60.336,-7.0267,715.5,619.25,-31.8,1077.75,811.0,-54.72,2026-05-15 19:30:48+0900,False,0,×,① 日足5MA＜株価,0,1,終値 488.00 / 5MA 497.00,株価が5MA以下,False,False,0,×,② 日足5MAの傾きが正,0,1,5MA傾き -8.60,短期線が下向き/横ばい未満,False,False,0,×,③ 日足5MA＞25MA,0,1,5MA 497.00 / 25MA 571.76,5MAが25MA以下,False,False,0,×,④★ 週足13MA＞26MA＞52MA,0,5,13MA 597.77 / 26MA 661.62 / 52MA 758.15,週足MA配列が未成立,True,False,0,×,⑤★ 週足13MAの傾きが正,0,5,週13MA傾き -15.00,週足13MAが下向き/判定不可,True,True,1,○,⑥ 13MAの＋乖離率10％以下,1,1,13MA乖離 -18.36%,過熱が10%以内,False,True,1,○,⑦ 日足BB +1σ以上 or -1σ以下,1,1,日足BB位置 -2σ〜-1σ,±1σ外側で動意あり,False,True,5,○,⑧★ 週足BB条件,5,5,週足BB位置 -2σ〜-1σ / BW 拡大,週足BB条件内,True,True,1,○,⑨ 日足MACD GC後 or 乖離,1,1,MACD -32.9930 / Signal -25.1631 / Hist -7.8299,日足MACDは改善傾向,False,False,0,×,⑩★ 週足MACD GC後,0,5,週MACD -67.3626 / Signal -60.3360,週足MACDがGC未達,True,False,0,×,⑪ 日足RSI 10以下 or 60以上,0,1,日足RSI 29.64,RSIが中立圏,False,False,0,×,⑫ 週足RSI 10以下 or 60以上,0,1,週足RSI 33.82,週足RSIが中立圏,False,False,0,×,⑬ 日足一目均衡表の雲より株価が上,0,1,日足雲上限 715.50 / 乖離 -31.80%,日足で雲上未達,False,False,0,×,⑭★ 週足一目均衡表の雲より株価が上,0,5,"週足雲上限 1,077.75 / 乖離 -54.72%",週足で雲上未達,True,,,,,,決算予定未取得,JQUANTS_API_KEY未設定のため決算予定日を取得していません,91660
28,5870,5870.T,ナルネットコミュニケーションズ,2026-05-15,2026-05-15,972.0,972.0,7,34,20.6,3,1,False,⑥ 13MAの＋乖離率10％以下 / ⑦ 日足BB +1σ以上 or -1σ以下 / ⑭★ 週足一目均衡表の雲より株価が上,④★ 週足13MA＞26MA＞52MA / ⑤★ 週足13MAの傾きが正 / ⑧★ 週足BB条件 / ⑩★ 週足MACD GC後,4 / 5 / 8 / 10,https://kabutan.jp/stock/?code=5870,雲上,987.6,1005.56,-6.8,1009.55,1035.92,920.38,-6.01,-3.72,-2σ〜-1σ,1026.52,981.38,-2σ〜-1σ,1078.58,1126.63,0.1865,0.1983,False,0.0899,0.0849,0.0929,0.0889,21,True,0.0,BBスクイーズブレイク,日足BB2σ幅率が10%以内の状態が10営業日以上続いた後、BB幅が拡大しました。ブレイクから0営業日目です。,38.67,True,ボラOK,41.72,47.83,-9.2891,-6.8439,-2.4452,11.6532,27.0611,-15.4079,1041.88,1020.55,-6.71,867.67,742.12,12.02,2026-05-15 19:30:52+0900,False,0,×,① 日足5MA＜株価,0,1,終値 972.00 / 5MA 987.60,株価が5MA以下,False,False,0,×,② 日足5MAの傾きが正,0,1,5MA傾き -6.80,短期線が下向き/横ばい未満,False,False,0,×,③ 日足5MA＞25MA,0,1,"5MA 987.60 / 25MA 1,005.56",5MAが25MA以下,False,False,0,×,④★ 週足13MA＞26MA＞52MA,0,5,"13MA 1,009.55 / 26MA 1,035.92 / 52MA 920.38",週足MA配列が未成立,True,False,0,×,⑤★ 週足13MAの傾きが正,0,5,週13MA傾き -6.01,週足13MAが下向き/判定不可,True,True,1,○,⑥ 13MAの＋乖離率10％以下,1,1,13MA乖離 -3.72%,過熱が10%以内,False,True,1,○,⑦ 日足BB +1σ以上 or -1σ以下,1,1,日足BB位置 -2σ〜-1σ,±1σ外側で動意あり,False,False,0,×,⑧★ 週足BB条件,0,5,週足BB位置 -2σ〜-1σ / BW 非拡大,週足BB条件が未成立,True,False,0,×,⑨ 日足MACD GC後 or 乖離,0,1,MACD -9.2891 / Signal -6.8439 / Hist -2.4452,日足MACDが弱い,False,False,0,×,⑩★ 週足MACD GC後,0,5,週MACD 11.6532 / Signal 27.0611,週足MACDがGC未達,True,False,0,×,⑪ 日足RSI 10以下 or 60以上,0,1,日足RSI 41.72,RSIが中立圏,False,False,0,×,⑫ 週足RSI 10以下 or 60以上,0,1,週足RSI 47.83,週足RSIが中立圏,False,False,0,×,⑬ 日足一目均衡表の雲より株価が上,0,1,"日足雲上限 1,041.88 / 乖離 -6.71%",日足で雲上未達,False,True,5,○,⑭★ 週足一目均衡表の雲より株価が上,5,5,週足雲上限 867.67 / 乖離 +12.02%,週足で雲上,True,,,,,,決算予定未取得,JQUANTS_API_KEY未設定のため決算予定日を取得していません,58700
29,4885,4885.T,室町ケミカル,2026-05-15,2026-05-15,937.0,937.0,7,34,20.6,3,1,False,④★ 週足13MA＞26MA＞52MA / ⑥ 13MAの＋乖離率10％以下 / ⑦ 日足BB +1σ以上 or -1σ以下,⑤★ 週足13MAの傾きが正 / ⑧★ 週足BB条件 / ⑩★ 週足MACD GC後 / ⑭★ 週足一目均衡表の雲より株価が上,5 / 8 / 10 / 14,https://kabutan.jp/stock/?code=4885,雲中/雲下/判定不可,959.2,998.28,-2.0,1058.46,965.69,862.59,-11.38,-11.48,-2σ〜-1σ,1019.62,953.98,-1σ〜中心線,1144.9,1262.76,0.459,0.4871,False,0.133,0.1343,0.1401,0.1391,0,False,97.0,,日足BB2σ幅率10%以内が10営業日以上続いた後の、直近3営業日以内のBB拡大は確認できません。,92.43,True,ボラOK,39.02,47.29,-24.6102,-23.3411,-1.2691,30.6314,56.9104,-26.279,1147.5,1082.25,-18.34,949.29,760.19,-1.3,2026-05-15 19:30:56+0900,False,0,×,① 日足5MA＜株価,0,1,終値 937.00 / 5MA 959.20,株価が5MA以下,False,False,0,×,② 日足5MAの傾きが正,0,1,5MA傾き -2.00,短期線が下向き/横ばい未満,False,False,0,×,③ 日足5MA＞25MA,0,1,5MA 959.20 / 25MA 998.28,5MAが25MA以下,False,True,5,○,④★ 週足13MA＞26MA＞52MA,5,5,"13MA 1,058.46 / 26MA 965.69 / 52MA 862.59",週足の上昇配列,True,False,0,×,⑤★ 週足13MAの傾きが正,0,5,週13MA傾き -11.38,週足13MAが下向き/判定不可,True,True,1,○,⑥ 13MAの＋乖離率10％以下,1,1,13MA乖離 -11.48%,過熱が10%以内,False,True,1,○,⑦ 日足BB +1σ以上 or -1σ以下,1,1,日足BB位置 -2σ〜-1σ,±1σ外側で動意あり,False,False,0,×,⑧★ 週足BB条件,0,5,週足BB位置 -1σ〜中心線 / BW 非拡大,週足BB条件が未成立,True,False,0,×,⑨ 日足MACD GC後 or 乖離,0,1,MACD -24.6102 / Signal -23.3411 / Hist -1.2691,日足MACDが弱い,False,False,0,×,⑩★ 週足MACD GC後,0,5,週MACD 30.6314 / Signal 56.9104,週足MACDがGC未達,True,False,0,×,⑪ 日足RSI 10以下 or 60以上,0,1,日足RSI 39.02,RSIが中立圏,False,False,0,×,⑫ 週足RSI 10以下 or 60以上,0,1,週足RSI 47.29,週足RSIが中立圏,False,False,0,×,⑬ 日足一目均衡表の雲より株価が上,0,1,"日足雲上限 1,147.50 / 乖離 -18.34%",日足で雲上未達,False,False,0,×,⑭★ 週足一目均衡表の雲より株価が上,0,5,週足雲上限 949.29 / 乖離 -1.30%,週足で雲上未達,True,,,,,,決算予定未取得,JQUANTS_API_KEY未設定のため決算予定日を取得していません,48850
30,5570,5570.T,ジェノバ,2026-05-15,2026-05-15,662.0,662.0,7,34,20.6,3,1,False,③ 日足5MA＞25MA / ⑥ 13MAの＋乖離率10％以下 / ⑧★ 週足BB条件,④★ 週足13MA＞26MA＞52MA / ⑤★ 週足13MAの傾きが正 / ⑩★ 週足MACD GC後 / ⑭★ 週足一目均衡表の雲より株価が上,4 / 5 / 10 / 14,https://kabutan.jp/stock/?code=5570,雲中/雲下/判定不可,672.8,669.68,-2.4,673.85,687.08,704.86,-1.38,-1.76,-1σ〜中心線,678.92,659.68,-2σ〜-1σ,712.45,737.65,0.1467,0.1425,True,0.0575,0.0583,0.0581,0.0588,32,True,1.0,BBスクイーズブレイク,日足BB2σ幅率が10%以内の状態が10営業日以上続いた後、BB幅が拡大しました。ブレイクから1営業日目です。,17.34,False,ボラ不足,46.93,43.63,-0.5627,-0.4128,-0.1499,-12.6233,-11.0981,-1.5252,694.0,668.5,-4.61,764.59,706.27,-13.42,2026-05-15 19:30:50+0900,False,0,×,① 日足5MA＜株価,0,1,終値 662.00 / 5MA 672.80,株価が5MA以下,False,False,0,×,② 日足5MAの傾きが正,0,1,5MA傾き -2.40,短期線が下向き/横ばい未満,False,True,1,○,③ 日足5MA＞25MA,1,1,5MA 672.80 / 25MA 669.68,短期線が中期線を上回る,False,False,0,×,④★ 週足13MA＞26MA＞52MA,0,5,13MA 673.85 / 26MA 687.08 / 52MA 704.86,週足MA配列が未成立,True,False,0,×,⑤★ 週足13MAの傾きが正,0,5,週13MA傾き -1.38,週足13MAが下向き/判定不可,True,True,1,○,⑥ 13MAの＋乖離率10％以下,1,1,13MA乖離 -1.76%,過熱が10%以内,False,False,0,×,⑦ 日足BB +1σ以上 or -1σ以下,0,1,日足BB位置 -1σ〜中心線,±1σ内で動意は限定的,False,True,5,○,⑧★ 週足BB条件,5,5,週足BB位置 -2σ〜-1σ / BW 拡大,週足BB条件内,True,False,0,×,⑨ 日足MACD GC後 or 乖離,0,1,MACD -0.5627 / Signal -0.4128 / Hist -0.1499,日足MACDが弱い,False,False,0,×,⑩★ 週足MACD GC後,0,5,週MACD -12.6233 / Signal -11.0981,週足MACDがGC未達,True,False,0,×,⑪ 日足RSI 10以下 or 60以上,0,1,日足RSI 46.93,RSIが中立圏,False,False,0,×,⑫ 週足RSI 10以下 or 60以上,0,1,週足RSI 43.63,週足RSIが中立圏,False,False,0,×,⑬ 日足一目均衡表の雲より株価が上,0,1,日足雲上限 694.00 / 乖離 -4.61%,日足で雲上未達,False,False,0,×,⑭★ 週足一目均衡表の雲より株価が上,0,5,週足雲上限 764.59 / 乖離 -13.42%,週足で雲上未達,True,,,,,,決算予定未取得,JQUANTS_API_KEY未設定のため決算予定日を取得していません,55700
31,5582,5582.T,グリッド,2026-05-15,2026-05-15,2211.0,2211.0,7,34,20.6,3,1,False,⑥ 13MAの＋乖離率10％以下 / ⑦ 日足BB +1σ以上 or -1σ以下 / ⑧★ 週足BB条件,④★ 週足13MA＞26MA＞52MA / ⑤★ 週足13MAの傾きが正 / ⑩★ 週足MACD GC後 / ⑭★ 週足一目均衡表の雲より株価が上,4 / 5 / 10 / 14,https://kabutan.jp/stock/?code=5582,雲中/雲下/判定不可,2399.6,2414.4,-48.2,2388.69,2534.54,2538.98,-17.85,-7.44,-2σ以下,2479.17,2345.83,-2σ以下,2559.64,2674.04,0.1871,0.1808,True,0.1105,0.0795,0.1206,0.0806,0,False,,,日足BB2σ幅率10%以内が10営業日以上続いた後の、直近3営業日以内のBB拡大は確認できません。,48.17,True,ボラOK,35.11,39.72,-9.1056,1.6585,-10.7641,-67.667,-54.4958,-13.1712,2448.5,2352.0,-9.7,2669.25,2419.0,-17.17,2026-05-15 19:31:02+0900,False,0,×,① 日足5MA＜株価,0,1,"終値 2,211.00 / 5MA 2,399.60",株価が5MA以下,False,False,0,×,② 日足5MAの傾きが正,0,1,5MA傾き -48.20,短期線が下向き/横ばい未満,False,False,0,×,③ 日足5MA＞25MA,0,1,"5MA 2,399.60 / 25MA 2,414.40",5MAが25MA以下,False,False,0,×,④★ 週足13MA＞26MA＞52MA,0,5,"13MA 2,388.69 / 26MA 2,534.54 / 52MA 2,538.98",週足MA配列が未成立,True,False,0,×,⑤★ 週足13MAの傾きが正,0,5,週13MA傾き -17.85,週足13MAが下向き/判定不可,True,True,1,○,⑥ 13MAの＋乖離率10％以下,1,1,13MA乖離 -7.44%,過熱が10%以内,False,True,1,○,⑦ 日足BB +1σ以上 or -1σ以下,1,1,日足BB位置 -2σ以下,±1σ外側で動意あり,False,True,5,○,⑧★ 週足BB条件,5,5,週足BB位置 -2σ以下 / BW 拡大,週足BB条件内,True,False,0,×,⑨ 日足MACD GC後 or 乖離,0,1,MACD -9.1056 / Signal 1.6585 / Hist -10.7641,日足MACDが弱い,False,False,0,×,⑩★ 週足MACD GC後,0,5,週MACD -67.6670 / Signal -54.4958,週足MACDがGC未達,True,False,0,×,⑪ 日足RSI 10以下 or 60以上,0,1,日足RSI 35.11,RSIが中立圏,False,False,0,×,⑫ 週足RSI 10以下 or 60以上,0,1,週足RSI 39.72,週足RSIが中立圏,False,False,0,×,⑬ 日足一目均衡表の雲より株価が上,0,1,"日足雲上限 2,448.50 / 乖離 -9.70%",日足で雲上未達,False,False,0,×,⑭★ 週足一目均衡表の雲より株価が上,0,5,"週足雲上限 2,669.25 / 乖離 -17.17%",週足で雲上未達,True,,,,,,決算予定未取得,JQUANTS_API_KEY未設定のため決算予定日を取得していません,55820
32,4495,4495.T,アイキューブドシステムズ,2026-05-15,2026-05-15,1852.0,1852.0,7,34,20.6,3,1,False,⑥ 13MAの＋乖離率10％以下 / ⑦ 日足BB +1σ以上 or -1σ以下 / ⑧★ 週足BB条件,④★ 週足13MA＞26MA＞52MA / ⑤★ 週足13MAの傾きが正 / ⑩★ 週足MACD GC後 / ⑭★ 週足一目均衡表の雲より株価が上,4 / 5 / 10 / 14,https://kabutan.jp/stock/?code=4495,雲中/雲下/判定不可,2045.8,2104.4,-52.6,2161.0,2419.06,2265.41,-42.77,-14.3,-2σ以下,2198.68,1989.12,-2σ〜-1σ,2599.6,2871.46,0.4672,0.4595,True,0.2002,0.1688,0.2263,0.1852,0,False,9.0,,日足BB2σ幅率10%以内が10営業日以上続いた後の、直近3営業日以内のBB拡大は確認できません。,61.83,True,ボラOK,33.6,34.04,-49.3971,-37.1045,-12.2926,-103.5855,-46.4534,-57.1321,2469.5,2177.75,-25.01,2325.34,1990.85,-20.36,2026-05-15 19:31:00+0900,False,0,×,① 日足5MA＜株価,0,1,"終値 1,852.00 / 5MA 2,045.80",株価が5MA以下,False,False,0,×,② 日足5MAの傾きが正,0,1,5MA傾き -52.60,短期線が下向き/横ばい未満,False,False,0,×,③ 日足5MA＞25MA,0,1,"5MA 2,045.80 / 25MA 2,104.40",5MAが25MA以下,False,False,0,×,④★ 週足13MA＞26MA＞52MA,0,5,"13MA 2,161.00 / 26MA 2,419.06 / 52MA 2,265.41",週足MA配列が未成立,True,False,0,×,⑤★ 週足13MAの傾きが正,0,5,週13MA傾き -42.77,週足13MAが下向き/判定不可,True,True,1,○,⑥ 13MAの＋乖離率10％以下,1,1,13MA乖離 -14.30%,過熱が10%以内,False,True,1,○,⑦ 日足BB +1σ以上 or -1σ以下,1,1,日足BB位置 -2σ以下,±1σ外側で動意あり,False,True,5,○,⑧★ 週足BB条件,5,5,週足BB位置 -2σ〜-1σ / BW 拡大,週足BB条件内,True,False,0,×,⑨ 日足MACD GC後 or 乖離,0,1,MACD -49.3971 / Signal -37.1045 / Hist -12.2926,日足MACDが弱い,False,False,0,×,⑩★ 週足MACD GC後,0,5,週MACD -103.5855 / Signal -46.4534,週足MACDがGC未達,True,False,0,×,⑪ 日足RSI 10以下 or 60以上,0,1,日足RSI 33.60,RSIが中立圏,False,False,0,×,⑫ 週足RSI 10以下 or 60以上,0,1,週足RSI 34.04,週足RSIが中立圏,False,False,0,×,⑬ 日足一目均衡表の雲より株価が上,0,1,"日足雲上限 2,469.50 / 乖離 -25.01%",日足で雲上未達,False,False,0,×,⑭★ 週足一目均衡表の雲より株価が上,0,5,"週足雲上限 2,325.34 / 乖離 -20.36%",週足で雲上未達,True,,,,,,決算予定未取得,JQUANTS_API_KEY未設定のため決算予定日を取得していません,44950
33,5590,5590.T,ネットスターズ,2026-05-15,2026-05-15,747.0,747.0,7,34,20.6,3,1,False,⑥ 13MAの＋乖離率10％以下 / ⑦ 日足BB +1σ以上 or -1σ以下 / ⑩★ 週足MACD GC後,④★ 週足13MA＞26MA＞52MA / ⑤★ 週足13MAの傾きが正 / ⑧★ 週足BB条件 / ⑭★ 週足一目均衡表の雲より株価が上,4 / 5 / 8 / 14,https://kabutan.jp/stock/?code=5590,雲中/雲下/判定不可,813.6,830.4,-24.6,805.85,868.31,970.23,-5.62,-7.3,-2σ以下,865.04,808.46,-2σ〜-1σ,924.75,1002.5,0.3672,0.3951,False,0.1352,0.1011,0.1515,0.1068,0,False,119.0,,日足BB2σ幅率10%以内が10営業日以上続いた後の、直近3営業日以内のBB拡大は確認できません。,88.58,True,ボラOK,34.24,39.23,-0.8711,9.1314,-10.0025,-50.2854,-55.1892,4.9039,852.5,778.75,-12.38,1115.5,1004.0,-33.03,2026-05-15 19:30:51+0900,False,0,×,① 日足5MA＜株価,0,1,終値 747.00 / 5MA 813.60,株価が5MA以下,False,False,0,×,② 日足5MAの傾きが正,0,1,5MA傾き -24.60,短期線が下向き/横ばい未満,False,False,0,×,③ 日足5MA＞25MA,0,1,5MA 813.60 / 25MA 830.40,5MAが25MA以下,False,False,0,×,④★ 週足13MA＞26MA＞52MA,0,5,13MA 805.85 / 26MA 868.31 / 52MA 970.23,週足MA配列が未成立,True,False,0,×,⑤★ 週足13MAの傾きが正,0,5,週13MA傾き -5.62,週足13MAが下向き/判定不可,True,True,1,○,⑥ 13MAの＋乖離率10％以下,1,1,13MA乖離 -7.30%,過熱が10%以内,False,True,1,○,⑦ 日足BB +1σ以上 or -1σ以下,1,1,日足BB位置 -2σ以下,±1σ外側で動意あり,False,False,0,×,⑧★ 週足BB条件,0,5,週足BB位置 -2σ〜-1σ / BW 非拡大,週足BB条件が未成立,True,False,0,×,⑨ 日足MACD GC後 or 乖離,0,1,MACD -0.8711 / Signal 9.1314 / Hist -10.0025,日足MACDが弱い,False,True,5,○,⑩★ 週足MACD GC後,5,5,週MACD -50.2854 / Signal -55.1892,週足MACDがGC後,True,False,0,×,⑪ 日足RSI 10以下 or 60以上,0,1,日足RSI 34.24,RSIが中立圏,False,False,0,×,⑫ 週足RSI 10以下 or 60以上,0,1,週足RSI 39.23,週足RSIが中立圏,False,False,0,×,⑬ 日足一目均衡表の雲より株価が上,0,1,日足雲上限 852.50 / 乖離 -12.38%,日足で雲上未達,False,False,0,×,⑭★ 週足一目均衡表の雲より株価が上,0,5,"週足雲上限 1,115.50 / 乖離 -33.03%",週足で雲上未達,True,,,,,,決算予定未取得,JQUANTS_API_KEY未設定のため決算予定日を取得していません,55900
34,4477,4477.T,ＢＡＳＥ,2026-05-15,2026-05-15,263.0,263.0,7,34,20.6,3,1,False,⑥ 13MAの＋乖離率10％以下 / ⑦ 日足BB +1σ以上 or -1σ以下 / ⑧★ 週足BB条件,④★ 週足13MA＞26MA＞52MA / ⑤★ 週足13MAの傾きが正 / ⑩★ 週足MACD GC後 / ⑭★ 週足一目均衡表の雲より株価が上,4 / 5 / 10 / 14,https://kabutan.jp/stock/?code=4477,雲中/雲下/判定不可,274.4,290.92,-5.6,295.08,308.34,335.23,-3.92,-10.87,-2σ以下,300.63,277.57,-2σ以下,324.51,343.22,0.2447,0.2117,True,0.1595,0.1369,0.1753,0.1491,0,False,55.0,,日足BB2σ幅率10%以内が10営業日以上続いた後の、直近3営業日以内のBB拡大は確認できません。,43.42,True,ボラOK,30.59,32.99,-6.7674,-3.8635,-2.9039,-14.1708,-12.3629,-1.8079,305.5,292.0,-13.91,393.45,353.31,-33.15,2026-05-15 19:30:51+0900,False,0,×,① 日足5MA＜株価,0,1,終値 263.00 / 5MA 274.40,株価が5MA以下,False,False,0,×,② 日足5MAの傾きが正,0,1,5MA傾き -5.60,短期線が下向き/横ばい未満,False,False,0,×,③ 日足5MA＞25MA,0,1,5MA 274.40 / 25MA 290.92,5MAが25MA以下,False,False,0,×,④★ 週足13MA＞26MA＞52MA,0,5,13MA 295.08 / 26MA 308.34 / 52MA 335.23,週足MA配列が未成立,True,False,0,×,⑤★ 週足13MAの傾きが正,0,5,週13MA傾き -3.92,週足13MAが下向き/判定不可,True,True,1,○,⑥ 13MAの＋乖離率10％以下,1,1,13MA乖離 -10.87%,過熱が10%以内,False,True,1,○,⑦ 日足BB +1σ以上 or -1σ以下,1,1,日足BB位置 -2σ以下,±1σ外側で動意あり,False,True,5,○,⑧★ 週足BB条件,5,5,週足BB位置 -2σ以下 / BW 拡大,週足BB条件内,True,False,0,×,⑨ 日足MACD GC後 or 乖離,0,1,MACD -6.7674 / Signal -3.8635 / Hist -2.9039,日足MACDが弱い,False,False,0,×,⑩★ 週足MACD GC後,0,5,週MACD -14.1708 / Signal -12.3629,週足MACDがGC未達,True,False,0,×,⑪ 日足RSI 10以下 or 60以上,0,1,日足RSI 30.59,RSIが中立圏,False,False,0,×,⑫ 週足RSI 10以下 or 60以上,0,1,週足RSI 32.99,週足RSIが中立圏,False,False,0,×,⑬ 日足一目均衡表の雲より株価が上,0,1,日足雲上限 305.50 / 乖離 -13.91%,日足で雲上未達,False,False,0,×,⑭★ 週足一目均衡表の雲より株価が上,0,5,週足雲上限 393.45 / 乖離 -33.15%,週足で雲上未達,True,,,,,,決算予定未取得,JQUANTS_API_KEY未設定のため決算予定日を取得していません,44770
35,247A,247A.T,Ａｉロボティクス,2026-05-15,2026-05-15,900.0,900.0,7,34,20.6,3,1,False,⑥ 13MAの＋乖離率10％以下 / ⑦ 日足BB +1σ以上 or -1σ以下 / ⑧★ 週足BB条件,④★ 週足13MA＞26MA＞52MA / ⑤★ 週足13MAの傾きが正 / ⑩★ 週足MACD GC後 / ⑭★ 週足一目均衡表の雲より株価が上,4 / 5 / 10 / 14,https://kabutan.jp/stock/?code=247A,雲中/雲下/判定不可,1214.2,1241.2,-109.8,1251.15,1345.19,1394.65,-48.08,-28.07,-2σ以下,1388.24,1123.26,-2σ以下,1465.58,1610.46,0.4388,0.3575,True,0.422,0.3425,0.5889,0.405,0,False,,,日足BB2σ幅率10%以内が10営業日以上続いた後の、直近3営業日以内のBB拡大は確認できません。,152.47,True,ボラOK,31.64,37.02,-19.9315,12.013,-31.9445,-66.6686,-44.4388,-22.2298,1298.5,1266.75,-30.69,1670.75,1301.9,-46.13,2026-05-15 19:30:54+0900,False,0,×,① 日足5MA＜株価,0,1,"終値 900.00 / 5MA 1,214.20",株価が5MA以下,False,False,0,×,② 日足5MAの傾きが正,0,1,5MA傾き -109.80,短期線が下向き/横ばい未満,False,False,0,×,③ 日足5MA＞25MA,0,1,"5MA 1,214.20 / 25MA 1,241.20",5MAが25MA以下,False,False,0,×,④★ 週足13MA＞26MA＞52MA,0,5,"13MA 1,251.15 / 26MA 1,345.19 / 52MA 1,394.65",週足MA配列が未成立,True,False,0,×,⑤★ 週足13MAの傾きが正,0,5,週13MA傾き -48.08,週足13MAが下向き/判定不可,True,True,1,○,⑥ 13MAの＋乖離率10％以下,1,1,13MA乖離 -28.07%,過熱が10%以内,False,True,1,○,⑦ 日足BB +1σ以上 or -1σ以下,1,1,日足BB位置 -2σ以下,±1σ外側で動意あり,False,True,5,○,⑧★ 週足BB条件,5,5,週足BB位置 -2σ以下 / BW 拡大,週足BB条件内,True,False,0,×,⑨ 日足MACD GC後 or 乖離,0,1,MACD -19.9315 / Signal 12.0130 / Hist -31.9445,日足MACDが弱い,False,False,0,×,⑩★ 週足MACD GC後,0,5,週MACD -66.6686 / Signal -44.4388,週足MACDがGC未達,True,False,0,×,⑪ 日足RSI 10以下 or 60以上,0,1,日足RSI 31.64,RSIが中立圏,False,False,0,×,⑫ 週足RSI 10以下 or 60以上,0,1,週足RSI 37.02,週足RSIが中立圏,False,False,0,×,⑬ 日足一目均衡表の雲より株価が上,0,1,"日足雲上限 1,298.50 / 乖離 -30.69%",日足で雲上未達,False,False,0,×,⑭★ 週足一目均衡表の雲より株価が上,0,5,"週足雲上限 1,670.75 / 乖離 -46.13%",週足で雲上未達,True,,,,,,決算予定未取得,JQUANTS_API_KEY未設定のため決算予定日を取得していません,247A0
36,372A,372A.T,レント,2026-05-15,2026-05-15,5430.0,5430.0,7,34,20.6,3,1,False,⑥ 13MAの＋乖離率10％以下 / ⑦ 日足BB +1σ以上 or -1σ以下 / ⑧★ 週足BB条件,④★ 週足13MA＞26MA＞52MA / ⑤★ 週足13MAの傾きが正 / ⑩★ 週足MACD GC後 / ⑭★ 週足一目均衡表の雲より株価が上,4 / 5 / 10 / 14,https://kabutan.jp/stock/?code=372A,雲中/雲下/判定不可,5554.0,5625.2,-46.0,5717.69,5713.85,,-43.08,-5.03,-2σ以下,5665.87,5544.13,-2σ〜-1σ,5974.64,6178.28,0.1411,0.1364,True,0.0434,0.0341,0.0448,0.035,31,True,0.0,BBスクイーズブレイク,日足BB2σ幅率が10%以内の状態が10営業日以上続いた後、BB幅が拡大しました。ブレイクから0営業日目です。,19.2,False,ボラ不足,35.68,47.6,-42.1673,-30.2467,-11.9206,-88.3859,-62.2283,-26.1576,5840.0,5712.5,-7.02,,,,2026-05-15 19:30:49+0900,False,0,×,① 日足5MA＜株価,0,1,"終値 5,430.00 / 5MA 5,554.00",株価が5MA以下,False,False,0,×,② 日足5MAの傾きが正,0,1,5MA傾き -46.00,短期線が下向き/横ばい未満,False,False,0,×,③ 日足5MA＞25MA,0,1,"5MA 5,554.00 / 25MA 5,625.20",5MAが25MA以下,False,False,0,×,④★ 週足13MA＞26MA＞52MA,0,5,"13MA 5,717.69 / 26MA 5,713.85 / 52MA 判定不可",週足MA配列が未成立,True,False,0,×,⑤★ 週足13MAの傾きが正,0,5,週13MA傾き -43.08,週足13MAが下向き/判定不可,True,True,1,○,⑥ 13MAの＋乖離率10％以下,1,1,13MA乖離 -5.03%,過熱が10%以内,False,True,1,○,⑦ 日足BB +1σ以上 or -1σ以下,1,1,日足BB位置 -2σ以下,±1σ外側で動意あり,False,True,5,○,⑧★ 週足BB条件,5,5,週足BB位置 -2σ〜-1σ / BW 拡大,週足BB条件内,True,False,0,×,⑨ 日足MACD GC後 or 乖離,0,1,MACD -42.1673 / Signal -30.2467 / Hist -11.9206,日足MACDが弱い,False,False,0,×,⑩★ 週足MACD GC後,0,5,週MACD -88.3859 / Signal -62.2283,週足MACDがGC未達,True,False,0,×,⑪ 日足RSI 10以下 or 60以上,0,1,日足RSI 35.68,RSIが中立圏,False,False,0,×,⑫ 週足RSI 10以下 or 60以上,0,1,週足RSI 47.60,週足RSIが中立圏,False,False,0,×,⑬ 日足一目均衡表の雲より株価が上,0,1,"日足雲上限 5,840.00 / 乖離 -7.02%",日足で雲上未達,False,False,0,×,⑭★ 週足一目均衡表の雲より株価が上,0,5,週足雲上限 判定不可 / 乖離 判定不可,週足で雲上未達,True,,,,,,決算予定未取得,JQUANTS_API_KEY未設定のため決算予定日を取得していません,372A0
37,421A,421A.T,ムービン・ストラテジック・キャリア,2026-05-15,2026-05-15,2424.0,2424.0,6,34,17.6,6,0,False,① 日足5MA＜株価 / ② 日足5MAの傾きが正 / ③ 日足5MA＞25MA / ⑦ 日足BB +1σ以上 or -1σ以下 / ⑨ 日足MACD GC後 or 乖離 / ⑬ 日足一目均衡表の雲より株価が上,④★ 週足13MA＞26MA＞52MA / ⑤★ 週足13MAの傾きが正 / ⑧★ 週足BB条件 / ⑩★ 週足MACD GC後 / ⑭★ 週足一目均衡表の雲より株価が上,4 / 5 / 8 / 10 / 14,https://kabutan.jp/stock/?code=421A,雲中/雲下/判定不可,2398.0,2250.52,24.0,2184.69,2548.38,,-7.31,10.95,+1σ〜+2σ,2389.26,2142.04,中心線〜+1σ,2698.8,3012.61,0.5263,0.5703,False,0.2182,0.214,0.204,0.188,0,False,,,日足BB2σ幅率10%以内が10営業日以上続いた後の、直近3営業日以内のBB拡大は確認できません。,106.77,True,ボラOK,57.89,50.55,55.9824,26.4507,29.5318,-152.5435,,,2416.5,2116.75,0.31,,,,2026-05-15 19:31:02+0900,True,1,○,① 日足5MA＜株価,1,1,"終値 2,424.00 / 5MA 2,398.00",株価が短期平均線を上回る,False,True,1,○,② 日足5MAの傾きが正,1,1,5MA傾き 24.00,短期線が上向き,False,True,1,○,③ 日足5MA＞25MA,1,1,"5MA 2,398.00 / 25MA 2,250.52",短期線が中期線を上回る,False,False,0,×,④★ 週足13MA＞26MA＞52MA,0,5,"13MA 2,184.69 / 26MA 2,548.38 / 52MA 判定不可",週足MA配列が未成立,True,False,0,×,⑤★ 週足13MAの傾きが正,0,5,週13MA傾き -7.31,週足13MAが下向き/判定不可,True,False,0,×,⑥ 13MAの＋乖離率10％以下,0,1,13MA乖離 +10.95%,13MAからの上方乖離が大きい可能性,False,True,1,○,⑦ 日足BB +1σ以上 or -1σ以下,1,1,日足BB位置 +1σ〜+2σ,±1σ外側で動意あり,False,False,0,×,⑧★ 週足BB条件,0,5,週足BB位置 中心線〜+1σ / BW 非拡大,週足BB条件が未成立,True,True,1,○,⑨ 日足MACD GC後 or 乖離,1,1,MACD 55.9824 / Signal 26.4507 / Hist 29.5318,日足MACDは改善傾向,False,False,0,×,⑩★ 週足MACD GC後,0,5,週MACD -152.5435 / Signal 判定不可,週足MACDがGC未達,True,False,0,×,⑪ 日足RSI 10以下 or 60以上,0,1,日足RSI 57.89,RSIが中立圏,False,False,0,×,⑫ 週足RSI 10以下 or 60以上,0,1,週足RSI 50.55,週足RSIが中立圏,False,True,1,○,⑬ 日足一目均衡表の雲より株価が上,1,1,"日足雲上限 2,416.50 / 乖離 +0.31%",日足で雲上,False,False,0,×,⑭★ 週足一目均衡表の雲より株価が上,0,5,週足雲上限 判定不可 / 乖離 判定不可,週足で雲上未達,True,,,,,,決算予定未取得,JQUANTS_API_KEY未設定のため決算予定日を取得していません,421A0
38,5843,5843.T,ニッポンインシュア,2026-05-15,2026-05-15,2383.0,2383.0,5,34,14.7,5,0,False,① 日足5MA＜株価 / ② 日足5MAの傾きが正 / ⑥ 13MAの＋乖離率10％以下 / ⑦ 日足BB +1σ以上 or -1σ以下 / ⑨ 日足MACD GC後 or 乖離,④★ 週足13MA＞26MA＞52MA / ⑤★ 週足13MAの傾きが正 / ⑧★ 週足BB条件 / ⑩★ 週足MACD GC後 / ⑭★ 週足一目均衡表の雲より株価が上,4 / 5 / 8 / 10 / 14,https://kabutan.jp/stock/?code=5843,雲中/雲下/判定不可,2328.6,2333.4,17.0,2413.77,2517.77,2539.29,-10.31,-1.27,+2σ以上,2351.63,2295.77,-1σ〜中心線,2574.77,2704.55,0.2123,0.2173,False,0.0481,0.0435,0.0469,0.0432,19,True,0.0,BBスクイーズブレイク,日足BB2σ幅率が10%以内の状態が10営業日以上続いた後、BB幅が拡大しました。ブレイクから0営業日目です。,44.43,True,ボラOK,56.77,45.83,-8.681,-18.3459,9.6649,-69.463,-51.2881,-18.1749,2462.5,2370.25,-3.23,2701.9,2225.21,-11.8,2026-05-15 19:30:55+0900,True,1,○,① 日足5MA＜株価,1,1,"終値 2,383.00 / 5MA 2,328.60",株価が短期平均線を上回る,False,True,1,○,② 日足5MAの傾きが正,1,1,5MA傾き 17.00,短期線が上向き,False,False,0,×,③ 日足5MA＞25MA,0,1,"5MA 2,328.60 / 25MA 2,333.40",5MAが25MA以下,False,False,0,×,④★ 週足13MA＞26MA＞52MA,0,5,"13MA 2,413.77 / 26MA 2,517.77 / 52MA 2,539.29",週足MA配列が未成立,True,False,0,×,⑤★ 週足13MAの傾きが正,0,5,週13MA傾き -10.31,週足13MAが下向き/判定不可,True,True,1,○,⑥ 13MAの＋乖離率10％以下,1,1,13MA乖離 -1.27%,過熱が10%以内,False,True,1,○,⑦ 日足BB +1σ以上 or -1σ以下,1,1,日足BB位置 +2σ以上,±1σ外側で動意あり,False,False,0,×,⑧★ 週足BB条件,0,5,週足BB位置 -1σ〜中心線 / BW 非拡大,週足BB条件が未成立,True,True,1,○,⑨ 日足MACD GC後 or 乖離,1,1,MACD -8.6810 / Signal -18.3459 / Hist 9.6649,日足MACDは改善傾向,False,False,0,×,⑩★ 週足MACD GC後,0,5,週MACD -69.4630 / Signal -51.2881,週足MACDがGC未達,True,False,0,×,⑪ 日足RSI 10以下 or 60以上,0,1,日足RSI 56.77,RSIが中立圏,False,False,0,×,⑫ 週足RSI 10以下 or 60以上,0,1,週足RSI 45.83,週足RSIが中立圏,False,False,0,×,⑬ 日足一目均衡表の雲より株価が上,0,1,"日足雲上限 2,462.50 / 乖離 -3.23%",日足で雲上未達,False,False,0,×,⑭★ 週足一目均衡表の雲より株価が上,0,5,"週足雲上限 2,701.90 / 乖離 -11.80%",週足で雲上未達,True,,,,,,決算予定未取得,JQUANTS_API_KEY未設定のため決算予定日を取得していません,58430
39,6224,6224.T,ＪＲＣ,2026-05-15,2026-05-15,1277.0,1277.0,4,34,11.8,4,0,False,③ 日足5MA＞25MA / ⑥ 13MAの＋乖離率10％以下 / ⑦ 日足BB +1σ以上 or -1σ以下 / ⑨ 日足MACD GC後 or 乖離,④★ 週足13MA＞26MA＞52MA / ⑤★ 週足13MAの傾きが正 / ⑧★ 週足BB条件 / ⑩★ 週足MACD GC後 / ⑭★ 週足一目均衡表の雲より株価が上,4 / 5 / 8 / 10 / 14,https://kabutan.jp/stock/?code=6224,雲中/雲下/判定不可,1285.4,1234.76,-3.2,1273.75,1315.36,1350.49,-12.61,0.25,+1σ〜+2σ,1272.4,1193.8,-1σ〜中心線,1396.55,1486.0,0.2737,0.2796,False,0.1275,0.1235,0.1231,0.1207,0,True,3.0,BBスクイーズブレイク,日足BB2σ幅率が10%以内の状態が10営業日以上続いた後、BB幅が拡大しました。ブレイクから3営業日目です。,36.03,True,ボラOK,55.8,47.96,12.3065,3.1733,9.1332,-33.3441,-28.5838,-4.7603,1328.86,1240.5,-3.9,1459.76,1304.24,-12.52,2026-05-15 19:30:50+0900,False,0,×,① 日足5MA＜株価,0,1,"終値 1,277.00 / 5MA 1,285.40",株価が5MA以下,False,False,0,×,② 日足5MAの傾きが正,0,1,5MA傾き -3.20,短期線が下向き/横ばい未満,False,True,1,○,③ 日足5MA＞25MA,1,1,"5MA 1,285.40 / 25MA 1,234.76",短期線が中期線を上回る,False,False,0,×,④★ 週足13MA＞26MA＞52MA,0,5,"13MA 1,273.75 / 26MA 1,315.36 / 52MA 1,350.49",週足MA配列が未成立,True,False,0,×,⑤★ 週足13MAの傾きが正,0,5,週13MA傾き -12.61,週足13MAが下向き/判定不可,True,True,1,○,⑥ 13MAの＋乖離率10％以下,1,1,13MA乖離 +0.25%,過熱が10%以内,False,True,1,○,⑦ 日足BB +1σ以上 or -1σ以下,1,1,日足BB位置 +1σ〜+2σ,±1σ外側で動意あり,False,False,0,×,⑧★ 週足BB条件,0,5,週足BB位置 -1σ〜中心線 / BW 非拡大,週足BB条件が未成立,True,True,1,○,⑨ 日足MACD GC後 or 乖離,1,1,MACD 12.3065 / Signal 3.1733 / Hist 9.1332,日足MACDは改善傾向,False,False,0,×,⑩★ 週足MACD GC後,0,5,週MACD -33.3441 / Signal -28.5838,週足MACDがGC未達,True,False,0,×,⑪ 日足RSI 10以下 or 60以上,0,1,日足RSI 55.80,RSIが中立圏,False,False,0,×,⑫ 週足RSI 10以下 or 60以上,0,1,週足RSI 47.96,週足RSIが中立圏,False,False,0,×,⑬ 日足一目均衡表の雲より株価が上,0,1,"日足雲上限 1,328.86 / 乖離 -3.90%",日足で雲上未達,False,False,0,×,⑭★ 週足一目均衡表の雲より株価が上,0,5,"週足雲上限 1,459.76 / 乖離 -12.52%",週足で雲上未達,True,,,,,,決算予定未取得,JQUANTS_API_KEY未設定のため決算予定日を取得していません,62240
40,6538,6538.T,ディスラプターズ,2026-05-15,2026-05-15,237.0,237.0,4,34,11.8,4,0,False,① 日足5MA＜株価 / ② 日足5MAの傾きが正 / ⑥ 13MAの＋乖離率10％以下 / ⑨ 日足MACD GC後 or 乖離,④★ 週足13MA＞26MA＞52MA / ⑤★ 週足13MAの傾きが正 / ⑧★ 週足BB条件 / ⑩★ 週足MACD GC後 / ⑭★ 週足一目均衡表の雲より株価が上,4 / 5 / 8 / 10 / 14,https://kabutan.jp/stock/?code=6538,雲中/雲下/判定不可,236.0,239.48,0.0,255.65,299.86,277.01,-6.57,-7.29,-1σ〜中心線,241.46,233.44,-2σ〜-1σ,333.3,380.38,0.6578,0.6651,False,0.0675,0.0677,0.0676,0.0681,5,False,7.0,,日足BB2σ幅率10%以内が10営業日以上続いた後の、直近3営業日以内のBB拡大は確認できません。,65.76,True,ボラOK,44.72,34.2,-4.5043,-5.8285,1.3243,-18.4097,-10.4864,-7.9233,299.29,254.7,-20.81,290.59,240.72,-18.44,2026-05-15 19:31:02+0900,True,1,○,① 日足5MA＜株価,1,1,終値 237.00 / 5MA 236.00,株価が短期平均線を上回る,False,True,1,○,② 日足5MAの傾きが正,1,1,5MA傾き 0.00,短期線が上向き,False,False,0,×,③ 日足5MA＞25MA,0,1,5MA 236.00 / 25MA 239.48,5MAが25MA以下,False,False,0,×,④★ 週足13MA＞26MA＞52MA,0,5,13MA 255.65 / 26MA 299.86 / 52MA 277.01,週足MA配列が未成立,True,False,0,×,⑤★ 週足13MAの傾きが正,0,5,週13MA傾き -6.57,週足13MAが下向き/判定不可,True,True,1,○,⑥ 13MAの＋乖離率10％以下,1,1,13MA乖離 -7.29%,過熱が10%以内,False,False,0,×,⑦ 日足BB +1σ以上 or -1σ以下,0,1,日足BB位置 -1σ〜中心線,±1σ内で動意は限定的,False,False,0,×,⑧★ 週足BB条件,0,5,週足BB位置 -2σ〜-1σ / BW 非拡大,週足BB条件が未成立,True,True,1,○,⑨ 日足MACD GC後 or 乖離,1,1,MACD -4.5043 / Signal -5.8285 / Hist 1.3243,日足MACDは改善傾向,False,False,0,×,⑩★ 週足MACD GC後,0,5,週MACD -18.4097 / Signal -10.4864,週足MACDがGC未達,True,False,0,×,⑪ 日足RSI 10以下 or 60以上,0,1,日足RSI 44.72,RSIが中立圏,False,False,0,×,⑫ 週足RSI 10以下 or 60以上,0,1,週足RSI 34.20,週足RSIが中立圏,False,False,0,×,⑬ 日足一目均衡表の雲より株価が上,0,1,日足雲上限 299.29 / 乖離 -20.81%,日足で雲上未達,False,False,0,×,⑭★ 週足一目均衡表の雲より株価が上,0,5,週足雲上限 290.59 / 乖離 -18.44%,週足で雲上未達,True,,,,,,決算予定未取得,JQUANTS_API_KEY未設定のため決算予定日を取得していません,65380
41,212A,212A.T,フィットイージー,2026-05-15,2026-05-15,2397.0,2397.0,3,34,8.8,3,0,False,③ 日足5MA＞25MA / ⑥ 13MAの＋乖離率10％以下 / ⑬ 日足一目均衡表の雲より株価が上,④★ 週足13MA＞26MA＞52MA / ⑤★ 週足13MAの傾きが正 / ⑧★ 週足BB条件 / ⑩★ 週足MACD GC後 / ⑭★ 週足一目均衡表の雲より株価が上,4 / 5 / 8 / 10 / 14,https://kabutan.jp/stock/?code=212A,雲中/雲下/判定不可,2439.4,2420.72,-21.6,2413.52,2474.58,2491.73,-8.35,-0.68,-1σ〜中心線,2511.16,2395.81,-1σ〜中心線,2599.65,2736.49,0.2223,0.2264,False,0.094,0.1074,0.0962,0.1112,1,False,,,日足BB2σ幅率10%以内が10営業日以上続いた後の、直近3営業日以内のBB拡大は確認できません。,37.59,True,ボラOK,48.48,47.63,19.5887,30.4127,-10.824,-24.2861,-23.2049,-1.0811,2394.74,2266.84,0.09,2774.27,2352.65,-13.6,2026-05-15 19:30:48+0900,False,0,×,① 日足5MA＜株価,0,1,"終値 2,397.00 / 5MA 2,439.40",株価が5MA以下,False,False,0,×,② 日足5MAの傾きが正,0,1,5MA傾き -21.60,短期線が下向き/横ばい未満,False,True,1,○,③ 日足5MA＞25MA,1,1,"5MA 2,439.40 / 25MA 2,420.72",短期線が中期線を上回る,False,False,0,×,④★ 週足13MA＞26MA＞52MA,0,5,"13MA 2,413.52 / 26MA 2,474.58 / 52MA 2,491.73",週足MA配列が未成立,True,False,0,×,⑤★ 週足13MAの傾きが正,0,5,週13MA傾き -8.35,週足13MAが下向き/判定不可,True,True,1,○,⑥ 13MAの＋乖離率10％以下,1,1,13MA乖離 -0.68%,過熱が10%以内,False,False,0,×,⑦ 日足BB +1σ以上 or -1σ以下,0,1,日足BB位置 -1σ〜中心線,±1σ内で動意は限定的,False,False,0,×,⑧★ 週足BB条件,0,5,週足BB位置 -1σ〜中心線 / BW 非拡大,週足BB条件が未成立,True,False,0,×,⑨ 日足MACD GC後 or 乖離,0,1,MACD 19.5887 / Signal 30.4127 / Hist -10.8240,日足MACDが弱い,False,False,0,×,⑩★ 週足MACD GC後,0,5,週MACD -24.2861 / Signal -23.2049,週足MACDがGC未達,True,False,0,×,⑪ 日足RSI 10以下 or 60以上,0,1,日足RSI 48.48,RSIが中立圏,False,False,0,×,⑫ 週足RSI 10以下 or 60以上,0,1,週足RSI 47.63,週足RSIが中立圏,False,True,1,○,⑬ 日足一目均衡表の雲より株価が上,1,1,"日足雲上限 2,394.74 / 乖離 +0.09%",日足で雲上,False,False,0,×,⑭★ 週足一目均衡表の雲より株価が上,0,5,"週足雲上限 2,774.27 / 乖離 -13.60%",週足で雲上未達,True,,,,,,決算予定未取得,JQUANTS_API_KEY未設定のため決算予定日を取得していません,212A0
42,7373,7373.T,アイドマ・ホールディングス,2026-05-15,2026-05-15,1169.0,1169.0,3,34,8.8,3,0,False,⑥ 13MAの＋乖離率10％以下 / ⑦ 日足BB +1σ以上 or -1σ以下 / ⑨ 日足MACD GC後 or 乖離,④★ 週足13MA＞26MA＞52MA / ⑤★ 週足13MAの傾きが正 / ⑧★ 週足BB条件 / ⑩★ 週足MACD GC後 / ⑭★ 週足一目均衡表の雲より株価が上,4 / 5 / 8 / 10 / 14,https://kabutan.jp/stock/?code=7373,雲中/雲下/判定不可,1179.6,1344.24,-18.6,1588.85,2125.73,2306.24,-51.15,-26.42,-2σ〜-1σ,1334.43,1194.17,-2σ〜-1σ,2415.95,2955.11,1.1491,1.1631,False,0.2219,0.2129,0.24,0.2355,0,False,140.0,,日足BB2σ幅率10%以内が10営業日以上続いた後の、直近3営業日以内のBB拡大は確認できません。,185.78,True,ボラOK,30.03,22.72,-117.5401,-123.8776,6.3375,-342.3076,-270.4634,-71.8442,2005.0,1736.5,-41.7,2730.34,2217.28,-57.18,2026-05-15 19:30:49+0900,False,0,×,① 日足5MA＜株価,0,1,"終値 1,169.00 / 5MA 1,179.60",株価が5MA以下,False,False,0,×,② 日足5MAの傾きが正,0,1,5MA傾き -18.60,短期線が下向き/横ばい未満,False,False,0,×,③ 日足5MA＞25MA,0,1,"5MA 1,179.60 / 25MA 1,344.24",5MAが25MA以下,False,False,0,×,④★ 週足13MA＞26MA＞52MA,0,5,"13MA 1,588.85 / 26MA 2,125.73 / 52MA 2,306.24",週足MA配列が未成立,True,False,0,×,⑤★ 週足13MAの傾きが正,0,5,週13MA傾き -51.15,週足13MAが下向き/判定不可,True,True,1,○,⑥ 13MAの＋乖離率10％以下,1,1,13MA乖離 -26.42%,過熱が10%以内,False,True,1,○,⑦ 日足BB +1σ以上 or -1σ以下,1,1,日足BB位置 -2σ〜-1σ,±1σ外側で動意あり,False,False,0,×,⑧★ 週足BB条件,0,5,週足BB位置 -2σ〜-1σ / BW 非拡大,週足BB条件が未成立,True,True,1,○,⑨ 日足MACD GC後 or 乖離,1,1,MACD -117.5401 / Signal -123.8776 / Hist 6.3375,日足MACDは改善傾向,False,False,0,×,⑩★ 週足MACD GC後,0,5,週MACD -342.3076 / Signal -270.4634,週足MACDがGC未達,True,False,0,×,⑪ 日足RSI 10以下 or 60以上,0,1,日足RSI 30.03,RSIが中立圏,False,False,0,×,⑫ 週足RSI 10以下 or 60以上,0,1,週足RSI 22.72,週足RSIが中立圏,False,False,0,×,⑬ 日足一目均衡表の雲より株価が上,0,1,"日足雲上限 2,005.00 / 乖離 -41.70%",日足で雲上未達,False,False,0,×,⑭★ 週足一目均衡表の雲より株価が上,0,5,"週足雲上限 2,730.34 / 乖離 -57.18%",週足で雲上未達,True,,,,,,決算予定未取得,JQUANTS_API_KEY未設定のため決算予定日を取得していません,73730
43,3089,3089.T,テクノアルファ,2026-05-15,2026-05-15,1012.0,1012.0,2,34,5.9,2,0,False,⑥ 13MAの＋乖離率10％以下 / ⑦ 日足BB +1σ以上 or -1σ以下,④★ 週足13MA＞26MA＞52MA / ⑤★ 週足13MAの傾きが正 / ⑧★ 週足BB条件 / ⑩★ 週足MACD GC後 / ⑭★ 週足一目均衡表の雲より株価が上,4 / 5 / 8 / 10 / 14,https://kabutan.jp/stock/?code=3089,雲中/雲下/判定不可,1043.6,1072.0,-8.6,1109.46,1206.46,1110.92,-20.85,-8.78,-2σ〜-1σ,1094.56,1037.84,-2σ〜-1σ,1292.59,1408.67,0.3947,0.4099,False,0.1064,0.0978,0.1121,0.1007,0,False,47.0,,日足BB2σ幅率10%以内が10営業日以上続いた後の、直近3営業日以内のBB拡大は確認できません。,45.4,True,ボラOK,33.51,36.33,-18.5319,-17.3887,-1.1432,-39.4518,-13.9798,-25.472,1168.5,1106.5,-13.39,1170.0,1123.86,-13.5,2026-05-15 19:30:57+0900,False,0,×,① 日足5MA＜株価,0,1,"終値 1,012.00 / 5MA 1,043.60",株価が5MA以下,False,False,0,×,② 日足5MAの傾きが正,0,1,5MA傾き -8.60,短期線が下向き/横ばい未満,False,False,0,×,③ 日足5MA＞25MA,0,1,"5MA 1,043.60 / 25MA 1,072.00",5MAが25MA以下,False,False,0,×,④★ 週足13MA＞26MA＞52MA,0,5,"13MA 1,109.46 / 26MA 1,206.46 / 52MA 1,110.92",週足MA配列が未成立,True,False,0,×,⑤★ 週足13MAの傾きが正,0,5,週13MA傾き -20.85,週足13MAが下向き/判定不可,True,True,1,○,⑥ 13MAの＋乖離率10％以下,1,1,13MA乖離 -8.78%,過熱が10%以内,False,True,1,○,⑦ 日足BB +1σ以上 or -1σ以下,1,1,日足BB位置 -2σ〜-1σ,±1σ外側で動意あり,False,False,0,×,⑧★ 週足BB条件,0,5,週足BB位置 -2σ〜-1σ / BW 非拡大,週足BB条件が未成立,True,False,0,×,⑨ 日足MACD GC後 or 乖離,0,1,MACD -18.5319 / Signal -17.3887 / Hist -1.1432,日足MACDが弱い,False,False,0,×,⑩★ 週足MACD GC後,0,5,週MACD -39.4518 / Signal -13.9798,週足MACDがGC未達,True,False,0,×,⑪ 日足RSI 10以下 or 60以上,0,1,日足RSI 33.51,RSIが中立圏,False,False,0,×,⑫ 週足RSI 10以下 or 60以上,0,1,週足RSI 36.33,週足RSIが中立圏,False,False,0,×,⑬ 日足一目均衡表の雲より株価が上,0,1,"日足雲上限 1,168.50 / 乖離 -13.39%",日足で雲上未達,False,False,0,×,⑭★ 週足一目均衡表の雲より株価が上,0,5,"週足雲上限 1,170.00 / 乖離 -13.50%",週足で雲上未達,True,,,,,,決算予定未取得,JQUANTS_API_KEY未設定のため決算予定日を取得していません,30890
44,369A,369A.T,エータイ,2026-05-15,2026-05-15,2274.0,2274.0,2,34,5.9,2,0,False,⑥ 13MAの＋乖離率10％以下 / ⑦ 日足BB +1σ以上 or -1σ以下,④★ 週足13MA＞26MA＞52MA / ⑤★ 週足13MAの傾きが正 / ⑧★ 週足BB条件 / ⑩★ 週足MACD GC後 / ⑭★ 週足一目均衡表の雲より株価が上,4 / 5 / 8 / 10 / 14,https://kabutan.jp/stock/?code=369A,雲中/雲下/判定不可,2360.8,2484.68,-44.4,2520.32,2781.28,,-28.52,-9.77,-2σ以下,2597.21,2388.79,-2σ〜-1σ,2973.8,3277.55,0.455,0.4676,False,0.1672,0.149,0.1833,0.1616,0,False,,,日足BB2σ幅率10%以内が10営業日以上続いた後の、直近3営業日以内のBB拡大は確認できません。,64.88,True,ボラOK,34.29,36.09,-44.8719,-17.9248,-26.9471,-157.163,-134.3428,-22.8202,2658.87,2469.25,-14.47,,,,2026-05-15 19:30:50+0900,False,0,×,① 日足5MA＜株価,0,1,"終値 2,274.00 / 5MA 2,360.80",株価が5MA以下,False,False,0,×,② 日足5MAの傾きが正,0,1,5MA傾き -44.40,短期線が下向き/横ばい未満,False,False,0,×,③ 日足5MA＞25MA,0,1,"5MA 2,360.80 / 25MA 2,484.68",5MAが25MA以下,False,False,0,×,④★ 週足13MA＞26MA＞52MA,0,5,"13MA 2,520.32 / 26MA 2,781.28 / 52MA 判定不可",週足MA配列が未成立,True,False,0,×,⑤★ 週足13MAの傾きが正,0,5,週13MA傾き -28.52,週足13MAが下向き/判定不可,True,True,1,○,⑥ 13MAの＋乖離率10％以下,1,1,13MA乖離 -9.77%,過熱が10%以内,False,True,1,○,⑦ 日足BB +1σ以上 or -1σ以下,1,1,日足BB位置 -2σ以下,±1σ外側で動意あり,False,False,0,×,⑧★ 週足BB条件,0,5,週足BB位置 -2σ〜-1σ / BW 非拡大,週足BB条件が未成立,True,False,0,×,⑨ 日足MACD GC後 or 乖離,0,1,MACD -44.8719 / Signal -17.9248 / Hist -26.9471,日足MACDが弱い,False,False,0,×,⑩★ 週足MACD GC後,0,5,週MACD -157.1630 / Signal -134.3428,週足MACDがGC未達,True,False,0,×,⑪ 日足RSI 10以下 or 60以上,0,1,日足RSI 34.29,RSIが中立圏,False,False,0,×,⑫ 週足RSI 10以下 or 60以上,0,1,週足RSI 36.09,週足RSIが中立圏,False,False,0,×,⑬ 日足一目均衡表の雲より株価が上,0,1,"日足雲上限 2,658.87 / 乖離 -14.47%",日足で雲上未達,False,False,0,×,⑭★ 週足一目均衡表の雲より株価が上,0,5,週足雲上限 判定不可 / 乖離 判定不可,週足で雲上未達,True,,,,,,決算予定未取得,JQUANTS_API_KEY未設定のため決算予定日を取得していません,369A0
